tier,learner,ways,shots,pool_type,n_episodes,chance,c1_mean,c1_ci_low,c1_ci_high,c2_mean,c2_ci_low,c2_ci_high,margin_mean,margin_ci_low,margin_ci_high
far,centroid,3,1,std_nway,30,0.3333,0.5227,0.5013,0.5434,0.5161,0.4922,0.5406,0.1108,0.1029,0.1196
far,centroid,3,10,std_nway,30,0.3333,0.5049,0.4829,0.5276,0.5006,0.47,0.53,0.1504,0.1408,0.1597
far,centroid,3,20,std_nway,30,0.3333,0.4271,0.4015,0.4542,0.4322,0.4083,0.4567,0.1229,0.1126,0.133
far,centroid,3,3,std_nway,30,0.3333,0.5456,0.5273,0.5642,0.555,0.5266,0.5844,0.1349,0.1265,0.1435
far,centroid,3,5,std_nway,30,0.3333,0.5289,0.5067,0.5522,0.5344,0.5116,0.5545,0.1485,0.1369,0.1598
far,centroid,5,1,std_nway,30,0.2,0.4513,0.4391,0.4641,0.4613,0.4373,0.4847,0.1051,0.1002,0.1103
far,centroid,5,10,std_nway,30,0.2,0.4289,0.4173,0.4409,0.417,0.395,0.4383,0.1319,0.1267,0.1365
far,centroid,5,20,std_nway,30,0.2,0.356,0.3452,0.3664,0.3407,0.326,0.3567,0.1183,0.111,0.1247
far,centroid,5,3,std_nway,30,0.2,0.48,0.4681,0.492,0.467,0.447,0.487,0.1234,0.1182,0.1286
far,centroid,5,5,std_nway,30,0.2,0.4592,0.4512,0.4675,0.47,0.451,0.4893,0.1332,0.1271,0.1387
far,exemplar_knn_k1,3,1,std_nway,30,0.3333,0.5227,0.5013,0.5434,0.5578,0.5283,0.5861,0.2506,0.2408,0.2617
far,exemplar_knn_k1,3,10,std_nway,30,0.3333,0.5164,0.4926,0.5415,0.5539,0.5233,0.5817,0.36,0.3545,0.3654
far,exemplar_knn_k1,3,20,std_nway,30,0.3333,0.4249,0.4009,0.4518,0.4795,0.4467,0.5106,0.366,0.3566,0.3751
far,exemplar_knn_k1,3,3,std_nway,30,0.3333,0.5371,0.518,0.5567,0.59,0.5678,0.6139,0.3179,0.31,0.326
far,exemplar_knn_k1,3,5,std_nway,30,0.3333,0.5229,0.5018,0.5433,0.5733,0.5478,0.5978,0.3447,0.3348,0.3557
far,exemplar_knn_k1,5,1,std_nway,30,0.2,0.4513,0.4391,0.4641,0.4633,0.4407,0.4877,0.279,0.272,0.2863
far,exemplar_knn_k1,5,10,std_nway,30,0.2,0.4204,0.4091,0.4325,0.4543,0.4353,0.4757,0.3873,0.3828,0.3913
far,exemplar_knn_k1,5,20,std_nway,30,0.2,0.3516,0.3411,0.3628,0.3797,0.363,0.3987,0.3942,0.388,0.3999
far,exemplar_knn_k1,5,3,std_nway,30,0.2,0.4724,0.4601,0.4861,0.4917,0.47,0.5147,0.3406,0.3351,0.3466
far,exemplar_knn_k1,5,5,std_nway,30,0.2,0.4655,0.4552,0.4756,0.4927,0.4703,0.5187,0.363,0.3584,0.3678
far,exemplar_knn_k3,3,1,std_nway,30,0.3333,0.5227,0.5013,0.5434,0.5161,0.4922,0.5406,0.1108,0.1029,0.1196
far,exemplar_knn_k3,3,10,std_nway,30,0.3333,0.5047,0.4811,0.5293,0.5628,0.5305,0.5967,0.742,0.7101,0.7742
far,exemplar_knn_k3,3,20,std_nway,30,0.3333,0.4118,0.388,0.4382,0.4883,0.4583,0.5206,0.7574,0.7092,0.8017
far,exemplar_knn_k3,3,3,std_nway,30,0.3333,0.5389,0.5231,0.5551,0.6033,0.5744,0.6344,0.4743,0.4472,0.5017
far,exemplar_knn_k3,3,5,std_nway,30,0.3333,0.5238,0.504,0.5438,0.5822,0.5533,0.6111,0.6363,0.594,0.6799
far,exemplar_knn_k3,5,1,std_nway,30,0.2,0.4513,0.4391,0.4641,0.466,0.441,0.4907,0.1051,0.1002,0.1103
far,exemplar_knn_k3,5,10,std_nway,30,0.2,0.4189,0.4088,0.4303,0.4577,0.4366,0.4787,0.7308,0.7092,0.7513
far,exemplar_knn_k3,5,20,std_nway,30,0.2,0.3496,0.3383,0.3619,0.382,0.3646,0.403,0.751,0.7211,0.7784
far,exemplar_knn_k3,5,3,std_nway,30,0.2,0.4676,0.4559,0.4807,0.498,0.476,0.521,0.4429,0.4231,0.4642
far,exemplar_knn_k3,5,5,std_nway,30,0.2,0.4591,0.4503,0.4681,0.5187,0.495,0.543,0.6123,0.591,0.6328
far,exemplar_knn_k5,3,1,std_nway,30,0.3333,0.5227,0.5013,0.5434,0.5161,0.4922,0.5406,0.1108,0.1029,0.1196
far,exemplar_knn_k5,3,10,std_nway,30,0.3333,0.5007,0.4807,0.5229,0.5672,0.5372,0.5995,1.0315,0.9825,1.0805
far,exemplar_knn_k5,3,20,std_nway,30,0.3333,0.4127,0.386,0.4407,0.4855,0.4567,0.5161,1.0887,1.0115,1.1616
far,exemplar_knn_k5,3,3,std_nway,30,0.3333,0.5405,0.5211,0.5593,0.5694,0.5444,0.5972,0.393,0.3708,0.4159
far,exemplar_knn_k5,3,5,std_nway,30,0.3333,0.5204,0.4991,0.5409,0.57,0.5455,0.5944,0.7578,0.6939,0.8235
far,exemplar_knn_k5,5,1,std_nway,30,0.2,0.4513,0.4391,0.4641,0.4613,0.4373,0.4847,0.1051,0.1002,0.1103
far,exemplar_knn_k5,5,10,std_nway,30,0.2,0.4149,0.4039,0.4273,0.4587,0.4363,0.4807,1.0108,0.979,1.0404
far,exemplar_knn_k5,5,20,std_nway,30,0.2,0.3469,0.3353,0.3604,0.3807,0.3623,0.4003,1.0795,1.0312,1.1236
far,exemplar_knn_k5,5,3,std_nway,30,0.2,0.4689,0.4565,0.4809,0.4877,0.4647,0.511,0.3987,0.3836,0.4142
far,exemplar_knn_k5,5,5,std_nway,30,0.2,0.4564,0.4473,0.4664,0.5157,0.493,0.5383,0.7211,0.6891,0.7499
far,kcentroid_k1,3,1,std_nway,30,0.3333,0.5227,0.5013,0.5434,0.5161,0.4922,0.5406,0.1108,0.1029,0.1196
far,kcentroid_k1,3,10,std_nway,30,0.3333,0.5049,0.4829,0.5276,0.5006,0.47,0.53,0.1504,0.1408,0.1597
far,kcentroid_k1,3,20,std_nway,30,0.3333,0.4271,0.4015,0.4542,0.4322,0.4083,0.4567,0.1229,0.1126,0.133
far,kcentroid_k1,3,3,std_nway,30,0.3333,0.5456,0.5273,0.5642,0.555,0.5266,0.5844,0.1349,0.1265,0.1435
far,kcentroid_k1,3,5,std_nway,30,0.3333,0.5289,0.5067,0.5522,0.5344,0.5116,0.5545,0.1485,0.1369,0.1598
far,kcentroid_k1,5,1,std_nway,30,0.2,0.4513,0.4391,0.4641,0.4613,0.4373,0.4847,0.1051,0.1002,0.1103
far,kcentroid_k1,5,10,std_nway,30,0.2,0.4289,0.4173,0.4409,0.417,0.395,0.4383,0.1319,0.1267,0.1365
far,kcentroid_k1,5,20,std_nway,30,0.2,0.356,0.3452,0.3664,0.3407,0.326,0.3567,0.1183,0.111,0.1247
far,kcentroid_k1,5,3,std_nway,30,0.2,0.48,0.4681,0.492,0.467,0.447,0.487,0.1234,0.1182,0.1286
far,kcentroid_k1,5,5,std_nway,30,0.2,0.4592,0.4512,0.4675,0.47,0.451,0.4893,0.1332,0.1271,0.1387
far,kcentroid_k2,3,1,std_nway,30,0.3333,0.5227,0.5013,0.5434,0.5161,0.4922,0.5406,0.1108,0.1029,0.1196
far,kcentroid_k2,3,10,std_nway,30,0.3333,0.5064,0.4853,0.5296,0.5072,0.4766,0.5389,0.1483,0.1384,0.1576
far,kcentroid_k2,3,20,std_nway,30,0.3333,0.4238,0.3978,0.4484,0.4333,0.4094,0.4572,0.1261,0.1153,0.1364
far,kcentroid_k2,3,3,std_nway,30,0.3333,0.5442,0.5251,0.5633,0.5483,0.5244,0.5739,0.1309,0.122,0.1399
far,kcentroid_k2,3,5,std_nway,30,0.3333,0.5256,0.5049,0.5462,0.5256,0.5044,0.5478,0.1458,0.1351,0.1568
far,kcentroid_k2,5,1,std_nway,30,0.2,0.4513,0.4391,0.4641,0.4613,0.4373,0.4847,0.1051,0.1002,0.1103
far,kcentroid_k2,5,10,std_nway,30,0.2,0.4259,0.4144,0.4381,0.4243,0.402,0.446,0.133,0.1279,0.1379
far,kcentroid_k2,5,20,std_nway,30,0.2,0.358,0.3472,0.37,0.3497,0.3353,0.3657,0.1199,0.1129,0.1265
far,kcentroid_k2,5,3,std_nway,30,0.2,0.476,0.4649,0.4884,0.4653,0.4433,0.4883,0.1218,0.1163,0.1272
far,kcentroid_k2,5,5,std_nway,30,0.2,0.4672,0.4579,0.4765,0.473,0.452,0.494,0.131,0.1257,0.1361
far,kcentroid_k3,3,1,std_nway,30,0.3333,0.5227,0.5013,0.5434,0.5161,0.4922,0.5406,0.1108,0.1029,0.1196
far,kcentroid_k3,3,10,std_nway,30,0.3333,0.5067,0.4827,0.5333,0.5094,0.4778,0.5411,0.1475,0.1386,0.1559
far,kcentroid_k3,3,20,std_nway,30,0.3333,0.424,0.3973,0.4505,0.4383,0.4144,0.4634,0.1276,0.1174,0.1377
far,kcentroid_k3,3,3,std_nway,30,0.3333,0.5371,0.518,0.5567,0.5478,0.5211,0.5761,0.1259,0.118,0.1341
far,kcentroid_k3,3,5,std_nway,30,0.3333,0.5227,0.5018,0.5433,0.5317,0.5116,0.5528,0.1422,0.1315,0.1529
far,kcentroid_k3,5,1,std_nway,30,0.2,0.4513,0.4391,0.4641,0.4613,0.4373,0.4847,0.1051,0.1002,0.1103
far,kcentroid_k3,5,10,std_nway,30,0.2,0.4247,0.4109,0.4397,0.418,0.3967,0.4397,0.1321,0.127,0.1366
far,kcentroid_k3,5,20,std_nway,30,0.2,0.3521,0.3401,0.3652,0.3433,0.3273,0.3613,0.1199,0.1133,0.1263
far,kcentroid_k3,5,3,std_nway,30,0.2,0.4724,0.4601,0.4861,0.463,0.442,0.4853,0.1174,0.1121,0.1224
far,kcentroid_k3,5,5,std_nway,30,0.2,0.4637,0.4529,0.4741,0.474,0.4523,0.4967,0.1282,0.1225,0.1336
far,linsvm,3,1,std_nway,30,0.3333,0.5247,0.5015,0.5462,0.5839,0.5517,0.6145,0.1659,0.1549,0.178
far,linsvm,3,10,std_nway,30,0.3333,0.5144,0.4915,0.5393,0.5828,0.5505,0.6195,0.6402,0.6085,0.6718
far,linsvm,3,20,std_nway,30,0.3333,0.434,0.4062,0.4602,0.5028,0.4672,0.5361,0.6654,0.6308,0.6989
far,linsvm,3,3,std_nway,30,0.3333,0.5456,0.5287,0.5629,0.6433,0.6166,0.6717,0.3534,0.3343,0.3731
far,linsvm,3,5,std_nway,30,0.3333,0.5475,0.526,0.57,0.62,0.5994,0.6428,0.4908,0.4614,0.5206
far,linsvm,5,1,std_nway,30,0.2,0.4505,0.4387,0.464,0.4933,0.4683,0.5183,0.1572,0.1499,0.165
far,linsvm,5,10,std_nway,30,0.2,0.442,0.432,0.4529,0.466,0.4443,0.4907,0.5521,0.5316,0.5722
far,linsvm,5,20,std_nway,30,0.2,0.3732,0.3616,0.3848,0.3837,0.364,0.406,0.6138,0.5838,0.6401
far,linsvm,5,3,std_nway,30,0.2,0.4843,0.472,0.4975,0.5307,0.5093,0.5523,0.3241,0.3118,0.3365
far,linsvm,5,5,std_nway,30,0.2,0.4692,0.4604,0.4775,0.5263,0.5037,0.5503,0.4307,0.4148,0.4457
far,logreg,3,1,std_nway,30,0.3333,0.5244,0.5,0.5467,0.5855,0.5533,0.6139,0.0864,0.0808,0.0928
far,logreg,3,10,std_nway,30,0.3333,0.5178,0.4949,0.5411,0.5822,0.5489,0.62,0.5148,0.4862,0.5439
far,logreg,3,20,std_nway,30,0.3333,0.44,0.4125,0.4667,0.5056,0.4728,0.5383,0.6229,0.5805,0.6638
far,logreg,3,3,std_nway,30,0.3333,0.5496,0.5322,0.5653,0.6322,0.605,0.6622,0.2103,0.1976,0.2238
far,logreg,3,5,std_nway,30,0.3333,0.5507,0.5284,0.5751,0.6133,0.5922,0.635,0.3297,0.3069,0.3528
far,logreg,5,1,std_nway,30,0.2,0.4513,0.4395,0.4647,0.4903,0.4673,0.5143,0.0881,0.084,0.0924
far,logreg,5,10,std_nway,30,0.2,0.4464,0.4367,0.4564,0.4543,0.4326,0.477,0.4805,0.4609,0.4989
far,logreg,5,20,std_nway,30,0.2,0.3813,0.3691,0.3936,0.3657,0.3463,0.388,0.6394,0.6022,0.6738
far,logreg,5,3,std_nway,30,0.2,0.4877,0.4761,0.5,0.5217,0.4997,0.5437,0.211,0.2024,0.2204
far,logreg,5,5,std_nway,30,0.2,0.4739,0.4649,0.4832,0.5147,0.494,0.536,0.3159,0.3028,0.3275
far,random,3,1,std_nway,30,0.3333,0.3275,0.3144,0.3402,0.3178,0.2928,0.34,1.2173,1.1857,1.2462
far,random,3,10,std_nway,30,0.3333,0.3171,0.3042,0.33,0.315,0.2894,0.3422,1.2177,1.1819,1.2527
far,random,3,20,std_nway,30,0.3333,0.3376,0.3207,0.3547,0.32,0.2967,0.3445,1.2084,1.1835,1.2356
far,random,3,3,std_nway,30,0.3333,0.3247,0.3111,0.3355,0.3239,0.3006,0.3461,1.2125,1.1728,1.2508
far,random,3,5,std_nway,30,0.3333,0.336,0.3227,0.3489,0.32,0.2978,0.3439,1.2208,1.1837,1.2567
far,random,5,1,std_nway,30,0.2,0.2028,0.1937,0.2125,0.204,0.1883,0.2197,1.1093,1.0839,1.1348
far,random,5,10,std_nway,30,0.2,0.2001,0.1911,0.2097,0.209,0.1963,0.2234,1.1137,1.09,1.1381
far,random,5,20,std_nway,30,0.2,0.2041,0.1953,0.2136,0.199,0.1837,0.2147,1.1062,1.0749,1.1379
far,random,5,3,std_nway,30,0.2,0.1988,0.1891,0.2076,0.205,0.1863,0.2247,1.1011,1.0725,1.1289
far,random,5,5,std_nway,30,0.2,0.1957,0.1867,0.2048,0.1877,0.1727,0.2043,1.095,1.0753,1.1143
mid,centroid,3,1,hard,30,0.3333,0.6031,0.5807,0.6267,0.2428,0.2117,0.2717,0.1226,0.1153,0.1296
mid,centroid,3,1,large,30,0.3333,0.6031,0.5807,0.6267,0.3467,0.3155,0.3794,0.1226,0.1153,0.1296
mid,centroid,3,1,medium,30,0.3333,0.6031,0.5807,0.6267,0.4278,0.3944,0.4611,0.1226,0.1153,0.1296
mid,centroid,3,1,oov_25,30,0.3333,0.6031,0.5807,0.6267,0.4261,0.3972,0.4572,0.1226,0.1153,0.1296
mid,centroid,3,1,oov_50,30,0.3333,0.6031,0.5807,0.6267,0.4089,0.3744,0.4417,0.1226,0.1153,0.1296
mid,centroid,3,1,small,30,0.3333,0.6031,0.5807,0.6267,0.5228,0.4939,0.555,0.1226,0.1153,0.1296
mid,centroid,3,10,hard,30,0.3333,0.6444,0.63,0.6584,0.25,0.2194,0.2778,0.1451,0.1382,0.1515
mid,centroid,3,10,large,30,0.3333,0.6444,0.63,0.6584,0.3772,0.3483,0.4039,0.1451,0.1382,0.1515
mid,centroid,3,10,medium,30,0.3333,0.6444,0.63,0.6584,0.4622,0.4317,0.49,0.1451,0.1382,0.1515
mid,centroid,3,10,oov_25,30,0.3333,0.6444,0.63,0.6584,0.4311,0.4022,0.4572,0.1451,0.1382,0.1515
mid,centroid,3,10,oov_50,30,0.3333,0.6444,0.63,0.6584,0.4117,0.3856,0.4344,0.1451,0.1382,0.1515
mid,centroid,3,10,small,30,0.3333,0.6444,0.63,0.6584,0.5506,0.5289,0.5711,0.1451,0.1382,0.1515
mid,centroid,3,20,hard,30,0.3333,0.5718,0.5573,0.5853,0.2067,0.1822,0.2306,0.1316,0.1262,0.1374
mid,centroid,3,20,large,30,0.3333,0.5718,0.5573,0.5853,0.3283,0.3061,0.3506,0.1316,0.1262,0.1374
mid,centroid,3,20,medium,30,0.3333,0.5718,0.5573,0.5853,0.4122,0.3956,0.4289,0.1316,0.1262,0.1374
mid,centroid,3,20,oov_25,30,0.3333,0.5718,0.5573,0.5853,0.3739,0.3555,0.3922,0.1316,0.1262,0.1374
mid,centroid,3,20,oov_50,30,0.3333,0.5718,0.5573,0.5853,0.3556,0.335,0.3761,0.1316,0.1262,0.1374
mid,centroid,3,20,small,30,0.3333,0.5718,0.5573,0.5853,0.5056,0.4844,0.5256,0.1316,0.1262,0.1374
mid,centroid,3,3,hard,30,0.3333,0.6529,0.6327,0.6729,0.2517,0.2178,0.2844,0.1379,0.1317,0.1446
mid,centroid,3,3,large,30,0.3333,0.6529,0.6327,0.6729,0.39,0.3561,0.4228,0.1379,0.1317,0.1446
mid,centroid,3,3,medium,30,0.3333,0.6529,0.6327,0.6729,0.4622,0.4267,0.4967,0.1379,0.1317,0.1446
mid,centroid,3,3,oov_25,30,0.3333,0.6529,0.6327,0.6729,0.4478,0.42,0.475,0.1379,0.1317,0.1446
mid,centroid,3,3,oov_50,30,0.3333,0.6529,0.6327,0.6729,0.4344,0.3978,0.4678,0.1379,0.1317,0.1446
mid,centroid,3,3,small,30,0.3333,0.6529,0.6327,0.6729,0.5389,0.5072,0.5684,0.1379,0.1317,0.1446
mid,centroid,3,5,hard,30,0.3333,0.6542,0.6364,0.6722,0.2744,0.2439,0.3039,0.1457,0.139,0.1526
mid,centroid,3,5,large,30,0.3333,0.6542,0.6364,0.6722,0.4072,0.3756,0.44,0.1457,0.139,0.1526
mid,centroid,3,5,medium,30,0.3333,0.6542,0.6364,0.6722,0.4711,0.4444,0.4995,0.1457,0.139,0.1526
mid,centroid,3,5,oov_25,30,0.3333,0.6542,0.6364,0.6722,0.4589,0.4266,0.4878,0.1457,0.139,0.1526
mid,centroid,3,5,oov_50,30,0.3333,0.6542,0.6364,0.6722,0.4378,0.4078,0.4678,0.1457,0.139,0.1526
mid,centroid,3,5,small,30,0.3333,0.6542,0.6364,0.6722,0.5728,0.545,0.6011,0.1457,0.139,0.1526
mid,exemplar_knn_k1,3,1,hard,30,0.3333,0.6031,0.5807,0.6267,0.2583,0.2283,0.2844,0.246,0.237,0.2542
mid,exemplar_knn_k1,3,1,large,30,0.3333,0.6031,0.5807,0.6267,0.3717,0.3422,0.4028,0.246,0.237,0.2542
mid,exemplar_knn_k1,3,1,medium,30,0.3333,0.6031,0.5807,0.6267,0.4533,0.4189,0.4867,0.246,0.237,0.2542
mid,exemplar_knn_k1,3,1,oov_25,30,0.3333,0.6031,0.5807,0.6267,0.4294,0.3994,0.4606,0.246,0.237,0.2542
mid,exemplar_knn_k1,3,1,oov_50,30,0.3333,0.6031,0.5807,0.6267,0.4106,0.3806,0.4378,0.246,0.237,0.2542
mid,exemplar_knn_k1,3,1,small,30,0.3333,0.6031,0.5807,0.6267,0.5478,0.5156,0.5806,0.246,0.237,0.2542
mid,exemplar_knn_k1,3,10,hard,30,0.3333,0.6524,0.6364,0.6691,0.2994,0.2705,0.3278,0.3663,0.3613,0.3711
mid,exemplar_knn_k1,3,10,large,30,0.3333,0.6524,0.6364,0.6691,0.4661,0.4361,0.4961,0.3663,0.3613,0.3711
mid,exemplar_knn_k1,3,10,medium,30,0.3333,0.6524,0.6364,0.6691,0.5311,0.5022,0.5583,0.3663,0.3613,0.3711
mid,exemplar_knn_k1,3,10,oov_25,30,0.3333,0.6524,0.6364,0.6691,0.4722,0.4405,0.5011,0.3663,0.3613,0.3711
mid,exemplar_knn_k1,3,10,oov_50,30,0.3333,0.6524,0.6364,0.6691,0.4367,0.405,0.4667,0.3663,0.3613,0.3711
mid,exemplar_knn_k1,3,10,small,30,0.3333,0.6524,0.6364,0.6691,0.6089,0.5817,0.635,0.3663,0.3613,0.3711
mid,exemplar_knn_k1,3,20,hard,30,0.3333,0.5949,0.5767,0.6125,0.2522,0.225,0.2778,0.3789,0.3741,0.3835
mid,exemplar_knn_k1,3,20,large,30,0.3333,0.5949,0.5767,0.6125,0.3967,0.3739,0.4189,0.3789,0.3741,0.3835
mid,exemplar_knn_k1,3,20,medium,30,0.3333,0.5949,0.5767,0.6125,0.4667,0.4472,0.4856,0.3789,0.3741,0.3835
mid,exemplar_knn_k1,3,20,oov_25,30,0.3333,0.5949,0.5767,0.6125,0.4267,0.4028,0.45,0.3789,0.3741,0.3835
mid,exemplar_knn_k1,3,20,oov_50,30,0.3333,0.5949,0.5767,0.6125,0.3794,0.3594,0.3983,0.3789,0.3741,0.3835
mid,exemplar_knn_k1,3,20,small,30,0.3333,0.5949,0.5767,0.6125,0.5433,0.5183,0.5678,0.3789,0.3741,0.3835
mid,exemplar_knn_k1,3,3,hard,30,0.3333,0.6524,0.6282,0.6738,0.2833,0.2439,0.32,0.3213,0.3137,0.3297
mid,exemplar_knn_k1,3,3,large,30,0.3333,0.6524,0.6282,0.6738,0.4189,0.3789,0.4572,0.3213,0.3137,0.3297
mid,exemplar_knn_k1,3,3,medium,30,0.3333,0.6524,0.6282,0.6738,0.5083,0.4694,0.5461,0.3213,0.3137,0.3297
mid,exemplar_knn_k1,3,3,oov_25,30,0.3333,0.6524,0.6282,0.6738,0.4778,0.4416,0.5117,0.3213,0.3137,0.3297
mid,exemplar_knn_k1,3,3,oov_50,30,0.3333,0.6524,0.6282,0.6738,0.4472,0.4089,0.4806,0.3213,0.3137,0.3297
mid,exemplar_knn_k1,3,3,small,30,0.3333,0.6524,0.6282,0.6738,0.5967,0.5656,0.6272,0.3213,0.3137,0.3297
mid,exemplar_knn_k1,3,5,hard,30,0.3333,0.6502,0.6318,0.6682,0.2889,0.2528,0.3289,0.3498,0.3436,0.3565
mid,exemplar_knn_k1,3,5,large,30,0.3333,0.6502,0.6318,0.6682,0.4439,0.4117,0.4794,0.3498,0.3436,0.3565
mid,exemplar_knn_k1,3,5,medium,30,0.3333,0.6502,0.6318,0.6682,0.5189,0.4916,0.5506,0.3498,0.3436,0.3565
mid,exemplar_knn_k1,3,5,oov_25,30,0.3333,0.6502,0.6318,0.6682,0.4817,0.4461,0.5172,0.3498,0.3436,0.3565
mid,exemplar_knn_k1,3,5,oov_50,30,0.3333,0.6502,0.6318,0.6682,0.435,0.4083,0.465,0.3498,0.3436,0.3565
mid,exemplar_knn_k1,3,5,small,30,0.3333,0.6502,0.6318,0.6682,0.5983,0.5706,0.6283,0.3498,0.3436,0.3565
mid,exemplar_knn_k3,3,1,hard,30,0.3333,0.6031,0.5807,0.6267,0.2428,0.2117,0.2717,0.1226,0.1153,0.1296
mid,exemplar_knn_k3,3,1,large,30,0.3333,0.6031,0.5807,0.6267,0.3467,0.3155,0.3794,0.1226,0.1153,0.1296
mid,exemplar_knn_k3,3,1,medium,30,0.3333,0.6031,0.5807,0.6267,0.4278,0.3944,0.4611,0.1226,0.1153,0.1296
mid,exemplar_knn_k3,3,1,oov_25,30,0.3333,0.6031,0.5807,0.6267,0.4261,0.3972,0.4572,0.1226,0.1153,0.1296
mid,exemplar_knn_k3,3,1,oov_50,30,0.3333,0.6031,0.5807,0.6267,0.4089,0.3744,0.4417,0.1226,0.1153,0.1296
mid,exemplar_knn_k3,3,1,small,30,0.3333,0.6031,0.5807,0.6267,0.5228,0.4939,0.555,0.1226,0.1153,0.1296
mid,exemplar_knn_k3,3,10,hard,30,0.3333,0.6478,0.6349,0.6611,0.3211,0.2895,0.3517,0.7271,0.7056,0.7493
mid,exemplar_knn_k3,3,10,large,30,0.3333,0.6478,0.6349,0.6611,0.4822,0.4517,0.5094,0.7271,0.7056,0.7493
mid,exemplar_knn_k3,3,10,medium,30,0.3333,0.6478,0.6349,0.6611,0.5567,0.5328,0.5811,0.7271,0.7056,0.7493
mid,exemplar_knn_k3,3,10,oov_25,30,0.3333,0.6478,0.6349,0.6611,0.4822,0.4495,0.5133,0.7271,0.7056,0.7493
mid,exemplar_knn_k3,3,10,oov_50,30,0.3333,0.6478,0.6349,0.6611,0.4472,0.4189,0.4728,0.7271,0.7056,0.7493
mid,exemplar_knn_k3,3,10,small,30,0.3333,0.6478,0.6349,0.6611,0.6372,0.6139,0.6589,0.7271,0.7056,0.7493
mid,exemplar_knn_k3,3,20,hard,30,0.3333,0.5984,0.5831,0.614,0.2794,0.2533,0.3056,0.7864,0.7617,0.8123
mid,exemplar_knn_k3,3,20,large,30,0.3333,0.5984,0.5831,0.614,0.44,0.4183,0.4611,0.7864,0.7617,0.8123
mid,exemplar_knn_k3,3,20,medium,30,0.3333,0.5984,0.5831,0.614,0.505,0.485,0.5272,0.7864,0.7617,0.8123
mid,exemplar_knn_k3,3,20,oov_25,30,0.3333,0.5984,0.5831,0.614,0.4267,0.4089,0.4461,0.7864,0.7617,0.8123
mid,exemplar_knn_k3,3,20,oov_50,30,0.3333,0.5984,0.5831,0.614,0.3883,0.37,0.4067,0.7864,0.7617,0.8123
mid,exemplar_knn_k3,3,20,small,30,0.3333,0.5984,0.5831,0.614,0.5772,0.55,0.6039,0.7864,0.7617,0.8123
mid,exemplar_knn_k3,3,3,hard,30,0.3333,0.6475,0.63,0.666,0.2972,0.2633,0.3311,0.4735,0.4431,0.5028
mid,exemplar_knn_k3,3,3,large,30,0.3333,0.6475,0.63,0.666,0.4406,0.405,0.4739,0.4735,0.4431,0.5028
mid,exemplar_knn_k3,3,3,medium,30,0.3333,0.6475,0.63,0.666,0.5344,0.4972,0.5689,0.4735,0.4431,0.5028
mid,exemplar_knn_k3,3,3,oov_25,30,0.3333,0.6475,0.63,0.666,0.5011,0.4683,0.5306,0.4735,0.4431,0.5028
mid,exemplar_knn_k3,3,3,oov_50,30,0.3333,0.6475,0.63,0.666,0.4578,0.425,0.4889,0.4735,0.4431,0.5028
mid,exemplar_knn_k3,3,3,small,30,0.3333,0.6475,0.63,0.666,0.6261,0.5972,0.6522,0.4735,0.4431,0.5028
mid,exemplar_knn_k3,3,5,hard,30,0.3333,0.6502,0.6335,0.6664,0.3406,0.3078,0.3728,0.627,0.6012,0.6538
mid,exemplar_knn_k3,3,5,large,30,0.3333,0.6502,0.6335,0.6664,0.4839,0.4478,0.5189,0.627,0.6012,0.6538
mid,exemplar_knn_k3,3,5,medium,30,0.3333,0.6502,0.6335,0.6664,0.56,0.5311,0.5895,0.627,0.6012,0.6538
mid,exemplar_knn_k3,3,5,oov_25,30,0.3333,0.6502,0.6335,0.6664,0.5039,0.4733,0.5339,0.627,0.6012,0.6538
mid,exemplar_knn_k3,3,5,oov_50,30,0.3333,0.6502,0.6335,0.6664,0.4572,0.43,0.4856,0.627,0.6012,0.6538
mid,exemplar_knn_k3,3,5,small,30,0.3333,0.6502,0.6335,0.6664,0.6444,0.6144,0.6733,0.627,0.6012,0.6538
mid,exemplar_knn_k5,3,1,hard,30,0.3333,0.6031,0.5807,0.6267,0.2428,0.2117,0.2717,0.1226,0.1153,0.1296
mid,exemplar_knn_k5,3,1,large,30,0.3333,0.6031,0.5807,0.6267,0.3467,0.3155,0.3794,0.1226,0.1153,0.1296
mid,exemplar_knn_k5,3,1,medium,30,0.3333,0.6031,0.5807,0.6267,0.4278,0.3944,0.4611,0.1226,0.1153,0.1296
mid,exemplar_knn_k5,3,1,oov_25,30,0.3333,0.6031,0.5807,0.6267,0.4261,0.3972,0.4572,0.1226,0.1153,0.1296
mid,exemplar_knn_k5,3,1,oov_50,30,0.3333,0.6031,0.5807,0.6267,0.4089,0.3744,0.4417,0.1226,0.1153,0.1296
mid,exemplar_knn_k5,3,1,small,30,0.3333,0.6031,0.5807,0.6267,0.5228,0.4939,0.555,0.1226,0.1153,0.1296
mid,exemplar_knn_k5,3,10,hard,30,0.3333,0.6511,0.6387,0.6636,0.3206,0.2894,0.3505,0.9898,0.9486,1.0308
mid,exemplar_knn_k5,3,10,large,30,0.3333,0.6511,0.6387,0.6636,0.4906,0.46,0.5178,0.9898,0.9486,1.0308
mid,exemplar_knn_k5,3,10,medium,30,0.3333,0.6511,0.6387,0.6636,0.5678,0.5433,0.5911,0.9898,0.9486,1.0308
mid,exemplar_knn_k5,3,10,oov_25,30,0.3333,0.6511,0.6387,0.6636,0.4972,0.4661,0.5272,0.9898,0.9486,1.0308
mid,exemplar_knn_k5,3,10,oov_50,30,0.3333,0.6511,0.6387,0.6636,0.455,0.4272,0.48,0.9898,0.9486,1.0308
mid,exemplar_knn_k5,3,10,small,30,0.3333,0.6511,0.6387,0.6636,0.6411,0.6183,0.6633,0.9898,0.9486,1.0308
mid,exemplar_knn_k5,3,20,hard,30,0.3333,0.6016,0.5867,0.6169,0.2811,0.2561,0.3067,1.1357,1.0905,1.1829
mid,exemplar_knn_k5,3,20,large,30,0.3333,0.6016,0.5867,0.6169,0.4389,0.4172,0.4611,1.1357,1.0905,1.1829
mid,exemplar_knn_k5,3,20,medium,30,0.3333,0.6016,0.5867,0.6169,0.505,0.4839,0.5261,1.1357,1.0905,1.1829
mid,exemplar_knn_k5,3,20,oov_25,30,0.3333,0.6016,0.5867,0.6169,0.4239,0.4022,0.4461,1.1357,1.0905,1.1829
mid,exemplar_knn_k5,3,20,oov_50,30,0.3333,0.6016,0.5867,0.6169,0.3983,0.3783,0.4211,1.1357,1.0905,1.1829
mid,exemplar_knn_k5,3,20,small,30,0.3333,0.6016,0.5867,0.6169,0.5728,0.5467,0.5961,1.1357,1.0905,1.1829
mid,exemplar_knn_k5,3,3,hard,30,0.3333,0.6425,0.6225,0.6616,0.2745,0.24,0.3089,0.3921,0.3702,0.4131
mid,exemplar_knn_k5,3,3,large,30,0.3333,0.6425,0.6225,0.6616,0.4189,0.3856,0.4528,0.3921,0.3702,0.4131
mid,exemplar_knn_k5,3,3,medium,30,0.3333,0.6425,0.6225,0.6616,0.5061,0.4717,0.5383,0.3921,0.3702,0.4131
mid,exemplar_knn_k5,3,3,oov_25,30,0.3333,0.6425,0.6225,0.6616,0.4778,0.4489,0.5061,0.3921,0.3702,0.4131
mid,exemplar_knn_k5,3,3,oov_50,30,0.3333,0.6425,0.6225,0.6616,0.4494,0.415,0.4828,0.3921,0.3702,0.4131
mid,exemplar_knn_k5,3,3,small,30,0.3333,0.6425,0.6225,0.6616,0.5933,0.5633,0.6211,0.3921,0.3702,0.4131
mid,exemplar_knn_k5,3,5,hard,30,0.3333,0.6544,0.6367,0.6707,0.3367,0.3011,0.3711,0.7336,0.6911,0.7766
mid,exemplar_knn_k5,3,5,large,30,0.3333,0.6544,0.6367,0.6707,0.485,0.4567,0.5167,0.7336,0.6911,0.7766
mid,exemplar_knn_k5,3,5,medium,30,0.3333,0.6544,0.6367,0.6707,0.5656,0.5428,0.5878,0.7336,0.6911,0.7766
mid,exemplar_knn_k5,3,5,oov_25,30,0.3333,0.6544,0.6367,0.6707,0.5044,0.4739,0.5333,0.7336,0.6911,0.7766
mid,exemplar_knn_k5,3,5,oov_50,30,0.3333,0.6544,0.6367,0.6707,0.4706,0.4455,0.4978,0.7336,0.6911,0.7766
mid,exemplar_knn_k5,3,5,small,30,0.3333,0.6544,0.6367,0.6707,0.6461,0.6228,0.6695,0.7336,0.6911,0.7766
mid,kcentroid_k1,3,1,hard,30,0.3333,0.6031,0.5807,0.6267,0.2428,0.2117,0.2717,0.1226,0.1153,0.1296
mid,kcentroid_k1,3,1,large,30,0.3333,0.6031,0.5807,0.6267,0.3467,0.3155,0.3794,0.1226,0.1153,0.1296
mid,kcentroid_k1,3,1,medium,30,0.3333,0.6031,0.5807,0.6267,0.4278,0.3944,0.4611,0.1226,0.1153,0.1296
mid,kcentroid_k1,3,1,oov_25,30,0.3333,0.6031,0.5807,0.6267,0.4261,0.3972,0.4572,0.1226,0.1153,0.1296
mid,kcentroid_k1,3,1,oov_50,30,0.3333,0.6031,0.5807,0.6267,0.4089,0.3744,0.4417,0.1226,0.1153,0.1296
mid,kcentroid_k1,3,1,small,30,0.3333,0.6031,0.5807,0.6267,0.5228,0.4939,0.555,0.1226,0.1153,0.1296
mid,kcentroid_k1,3,10,hard,30,0.3333,0.6444,0.63,0.6584,0.25,0.2194,0.2778,0.1451,0.1382,0.1515
mid,kcentroid_k1,3,10,large,30,0.3333,0.6444,0.63,0.6584,0.3772,0.3483,0.4039,0.1451,0.1382,0.1515
mid,kcentroid_k1,3,10,medium,30,0.3333,0.6444,0.63,0.6584,0.4622,0.4317,0.49,0.1451,0.1382,0.1515
mid,kcentroid_k1,3,10,oov_25,30,0.3333,0.6444,0.63,0.6584,0.4311,0.4022,0.4572,0.1451,0.1382,0.1515
mid,kcentroid_k1,3,10,oov_50,30,0.3333,0.6444,0.63,0.6584,0.4117,0.3856,0.4344,0.1451,0.1382,0.1515
mid,kcentroid_k1,3,10,small,30,0.3333,0.6444,0.63,0.6584,0.5506,0.5289,0.5711,0.1451,0.1382,0.1515
mid,kcentroid_k1,3,20,hard,30,0.3333,0.5718,0.5573,0.5853,0.2067,0.1822,0.2306,0.1316,0.1262,0.1374
mid,kcentroid_k1,3,20,large,30,0.3333,0.5718,0.5573,0.5853,0.3283,0.3061,0.3506,0.1316,0.1262,0.1374
mid,kcentroid_k1,3,20,medium,30,0.3333,0.5718,0.5573,0.5853,0.4122,0.3956,0.4289,0.1316,0.1262,0.1374
mid,kcentroid_k1,3,20,oov_25,30,0.3333,0.5718,0.5573,0.5853,0.3739,0.3555,0.3922,0.1316,0.1262,0.1374
mid,kcentroid_k1,3,20,oov_50,30,0.3333,0.5718,0.5573,0.5853,0.3556,0.335,0.3761,0.1316,0.1262,0.1374
mid,kcentroid_k1,3,20,small,30,0.3333,0.5718,0.5573,0.5853,0.5056,0.4844,0.5256,0.1316,0.1262,0.1374
mid,kcentroid_k1,3,3,hard,30,0.3333,0.6529,0.6327,0.6729,0.2517,0.2178,0.2844,0.1379,0.1317,0.1446
mid,kcentroid_k1,3,3,large,30,0.3333,0.6529,0.6327,0.6729,0.39,0.3561,0.4228,0.1379,0.1317,0.1446
mid,kcentroid_k1,3,3,medium,30,0.3333,0.6529,0.6327,0.6729,0.4622,0.4267,0.4967,0.1379,0.1317,0.1446
mid,kcentroid_k1,3,3,oov_25,30,0.3333,0.6529,0.6327,0.6729,0.4478,0.42,0.475,0.1379,0.1317,0.1446
mid,kcentroid_k1,3,3,oov_50,30,0.3333,0.6529,0.6327,0.6729,0.4344,0.3978,0.4678,0.1379,0.1317,0.1446
mid,kcentroid_k1,3,3,small,30,0.3333,0.6529,0.6327,0.6729,0.5389,0.5072,0.5684,0.1379,0.1317,0.1446
mid,kcentroid_k1,3,5,hard,30,0.3333,0.6542,0.6364,0.6722,0.2744,0.2439,0.3039,0.1457,0.139,0.1526
mid,kcentroid_k1,3,5,large,30,0.3333,0.6542,0.6364,0.6722,0.4072,0.3756,0.44,0.1457,0.139,0.1526
mid,kcentroid_k1,3,5,medium,30,0.3333,0.6542,0.6364,0.6722,0.4711,0.4444,0.4995,0.1457,0.139,0.1526
mid,kcentroid_k1,3,5,oov_25,30,0.3333,0.6542,0.6364,0.6722,0.4589,0.4266,0.4878,0.1457,0.139,0.1526
mid,kcentroid_k1,3,5,oov_50,30,0.3333,0.6542,0.6364,0.6722,0.4378,0.4078,0.4678,0.1457,0.139,0.1526
mid,kcentroid_k1,3,5,small,30,0.3333,0.6542,0.6364,0.6722,0.5728,0.545,0.6011,0.1457,0.139,0.1526
mid,kcentroid_k2,3,1,hard,30,0.3333,0.6031,0.5807,0.6267,0.2428,0.2117,0.2717,0.1226,0.1153,0.1296
mid,kcentroid_k2,3,1,large,30,0.3333,0.6031,0.5807,0.6267,0.3467,0.3155,0.3794,0.1226,0.1153,0.1296
mid,kcentroid_k2,3,1,medium,30,0.3333,0.6031,0.5807,0.6267,0.4278,0.3944,0.4611,0.1226,0.1153,0.1296
mid,kcentroid_k2,3,1,oov_25,30,0.3333,0.6031,0.5807,0.6267,0.4261,0.3972,0.4572,0.1226,0.1153,0.1296
mid,kcentroid_k2,3,1,oov_50,30,0.3333,0.6031,0.5807,0.6267,0.4089,0.3744,0.4417,0.1226,0.1153,0.1296
mid,kcentroid_k2,3,1,small,30,0.3333,0.6031,0.5807,0.6267,0.5228,0.4939,0.555,0.1226,0.1153,0.1296
mid,kcentroid_k2,3,10,hard,30,0.3333,0.6467,0.6331,0.6589,0.265,0.2378,0.2911,0.1461,0.1398,0.1521
mid,kcentroid_k2,3,10,large,30,0.3333,0.6467,0.6331,0.6589,0.3856,0.3539,0.4133,0.1461,0.1398,0.1521
mid,kcentroid_k2,3,10,medium,30,0.3333,0.6467,0.6331,0.6589,0.4761,0.4511,0.4995,0.1461,0.1398,0.1521
mid,kcentroid_k2,3,10,oov_25,30,0.3333,0.6467,0.6331,0.6589,0.4378,0.4111,0.4617,0.1461,0.1398,0.1521
mid,kcentroid_k2,3,10,oov_50,30,0.3333,0.6467,0.6331,0.6589,0.415,0.3844,0.4433,0.1461,0.1398,0.1521
mid,kcentroid_k2,3,10,small,30,0.3333,0.6467,0.6331,0.6589,0.5511,0.5255,0.5755,0.1461,0.1398,0.1521
mid,kcentroid_k2,3,20,hard,30,0.3333,0.5893,0.5742,0.6049,0.215,0.1911,0.2367,0.1362,0.1317,0.1413
mid,kcentroid_k2,3,20,large,30,0.3333,0.5893,0.5742,0.6049,0.3339,0.3117,0.3545,0.1362,0.1317,0.1413
mid,kcentroid_k2,3,20,medium,30,0.3333,0.5893,0.5742,0.6049,0.425,0.4033,0.4456,0.1362,0.1317,0.1413
mid,kcentroid_k2,3,20,oov_25,30,0.3333,0.5893,0.5742,0.6049,0.3844,0.3622,0.4072,0.1362,0.1317,0.1413
mid,kcentroid_k2,3,20,oov_50,30,0.3333,0.5893,0.5742,0.6049,0.3661,0.345,0.3872,0.1362,0.1317,0.1413
mid,kcentroid_k2,3,20,small,30,0.3333,0.5893,0.5742,0.6049,0.5105,0.4861,0.5317,0.1362,0.1317,0.1413
mid,kcentroid_k2,3,3,hard,30,0.3333,0.6553,0.6322,0.6765,0.2567,0.2206,0.29,0.1373,0.1315,0.1435
mid,kcentroid_k2,3,3,large,30,0.3333,0.6553,0.6322,0.6765,0.3817,0.345,0.4161,0.1373,0.1315,0.1435
mid,kcentroid_k2,3,3,medium,30,0.3333,0.6553,0.6322,0.6765,0.4744,0.4411,0.5072,0.1373,0.1315,0.1435
mid,kcentroid_k2,3,3,oov_25,30,0.3333,0.6553,0.6322,0.6765,0.4517,0.4194,0.4828,0.1373,0.1315,0.1435
mid,kcentroid_k2,3,3,oov_50,30,0.3333,0.6553,0.6322,0.6765,0.4356,0.4,0.4667,0.1373,0.1315,0.1435
mid,kcentroid_k2,3,3,small,30,0.3333,0.6553,0.6322,0.6765,0.5489,0.5217,0.5772,0.1373,0.1315,0.1435
mid,kcentroid_k2,3,5,hard,30,0.3333,0.6556,0.6356,0.6749,0.28,0.2517,0.3078,0.1449,0.139,0.1515
mid,kcentroid_k2,3,5,large,30,0.3333,0.6556,0.6356,0.6749,0.4022,0.3722,0.4339,0.1449,0.139,0.1515
mid,kcentroid_k2,3,5,medium,30,0.3333,0.6556,0.6356,0.6749,0.4928,0.4655,0.5211,0.1449,0.139,0.1515
mid,kcentroid_k2,3,5,oov_25,30,0.3333,0.6556,0.6356,0.6749,0.4556,0.4261,0.4828,0.1449,0.139,0.1515
mid,kcentroid_k2,3,5,oov_50,30,0.3333,0.6556,0.6356,0.6749,0.4406,0.4122,0.47,0.1449,0.139,0.1515
mid,kcentroid_k2,3,5,small,30,0.3333,0.6556,0.6356,0.6749,0.5744,0.5461,0.6039,0.1449,0.139,0.1515
mid,kcentroid_k3,3,1,hard,30,0.3333,0.6031,0.5807,0.6267,0.2428,0.2117,0.2717,0.1226,0.1153,0.1296
mid,kcentroid_k3,3,1,large,30,0.3333,0.6031,0.5807,0.6267,0.3467,0.3155,0.3794,0.1226,0.1153,0.1296
mid,kcentroid_k3,3,1,medium,30,0.3333,0.6031,0.5807,0.6267,0.4278,0.3944,0.4611,0.1226,0.1153,0.1296
mid,kcentroid_k3,3,1,oov_25,30,0.3333,0.6031,0.5807,0.6267,0.4261,0.3972,0.4572,0.1226,0.1153,0.1296
mid,kcentroid_k3,3,1,oov_50,30,0.3333,0.6031,0.5807,0.6267,0.4089,0.3744,0.4417,0.1226,0.1153,0.1296
mid,kcentroid_k3,3,1,small,30,0.3333,0.6031,0.5807,0.6267,0.5228,0.4939,0.555,0.1226,0.1153,0.1296
mid,kcentroid_k3,3,10,hard,30,0.3333,0.656,0.6409,0.6724,0.2689,0.2417,0.2939,0.1453,0.1396,0.1513
mid,kcentroid_k3,3,10,large,30,0.3333,0.656,0.6409,0.6724,0.3972,0.3656,0.425,0.1453,0.1396,0.1513
mid,kcentroid_k3,3,10,medium,30,0.3333,0.656,0.6409,0.6724,0.4756,0.4483,0.5011,0.1453,0.1396,0.1513
mid,kcentroid_k3,3,10,oov_25,30,0.3333,0.656,0.6409,0.6724,0.4433,0.4167,0.47,0.1453,0.1396,0.1513
mid,kcentroid_k3,3,10,oov_50,30,0.3333,0.656,0.6409,0.6724,0.4144,0.385,0.4422,0.1453,0.1396,0.1513
mid,kcentroid_k3,3,10,small,30,0.3333,0.656,0.6409,0.6724,0.5528,0.5244,0.5789,0.1453,0.1396,0.1513
mid,kcentroid_k3,3,20,hard,30,0.3333,0.5769,0.5571,0.5976,0.2167,0.19,0.2422,0.1354,0.1306,0.1406
mid,kcentroid_k3,3,20,large,30,0.3333,0.5769,0.5571,0.5976,0.3378,0.3139,0.3611,0.1354,0.1306,0.1406
mid,kcentroid_k3,3,20,medium,30,0.3333,0.5769,0.5571,0.5976,0.4367,0.4138,0.4611,0.1354,0.1306,0.1406
mid,kcentroid_k3,3,20,oov_25,30,0.3333,0.5769,0.5571,0.5976,0.3811,0.3589,0.4039,0.1354,0.1306,0.1406
mid,kcentroid_k3,3,20,oov_50,30,0.3333,0.5769,0.5571,0.5976,0.365,0.3406,0.3883,0.1354,0.1306,0.1406
mid,kcentroid_k3,3,20,small,30,0.3333,0.5769,0.5571,0.5976,0.51,0.485,0.5344,0.1354,0.1306,0.1406
mid,kcentroid_k3,3,3,hard,30,0.3333,0.6524,0.6282,0.6738,0.2422,0.2078,0.2761,0.1309,0.1254,0.137
mid,kcentroid_k3,3,3,large,30,0.3333,0.6524,0.6282,0.6738,0.3728,0.3372,0.4072,0.1309,0.1254,0.137
mid,kcentroid_k3,3,3,medium,30,0.3333,0.6524,0.6282,0.6738,0.4561,0.425,0.4867,0.1309,0.1254,0.137
mid,kcentroid_k3,3,3,oov_25,30,0.3333,0.6524,0.6282,0.6738,0.445,0.4089,0.4744,0.1309,0.1254,0.137
mid,kcentroid_k3,3,3,oov_50,30,0.3333,0.6524,0.6282,0.6738,0.42,0.3844,0.4522,0.1309,0.1254,0.137
mid,kcentroid_k3,3,3,small,30,0.3333,0.6524,0.6282,0.6738,0.5511,0.5216,0.5795,0.1309,0.1254,0.137
mid,kcentroid_k3,3,5,hard,30,0.3333,0.6589,0.6404,0.6771,0.2694,0.2428,0.295,0.1442,0.1379,0.1504
mid,kcentroid_k3,3,5,large,30,0.3333,0.6589,0.6404,0.6771,0.3922,0.3622,0.4244,0.1442,0.1379,0.1504
mid,kcentroid_k3,3,5,medium,30,0.3333,0.6589,0.6404,0.6771,0.4822,0.4539,0.5111,0.1442,0.1379,0.1504
mid,kcentroid_k3,3,5,oov_25,30,0.3333,0.6589,0.6404,0.6771,0.4517,0.42,0.4833,0.1442,0.1379,0.1504
mid,kcentroid_k3,3,5,oov_50,30,0.3333,0.6589,0.6404,0.6771,0.4439,0.4156,0.4745,0.1442,0.1379,0.1504
mid,kcentroid_k3,3,5,small,30,0.3333,0.6589,0.6404,0.6771,0.5706,0.5417,0.6011,0.1442,0.1379,0.1504
mid,linsvm,3,1,hard,30,0.3333,0.6058,0.5849,0.6269,0.3061,0.2755,0.3389,0.1777,0.1673,0.1879
mid,linsvm,3,1,large,30,0.3333,0.6058,0.5849,0.6269,0.3717,0.3356,0.4067,0.1777,0.1673,0.1879
mid,linsvm,3,1,medium,30,0.3333,0.6058,0.5849,0.6269,0.4706,0.4328,0.5061,0.1777,0.1673,0.1879
mid,linsvm,3,1,oov_25,30,0.3333,0.6058,0.5849,0.6269,0.4389,0.4044,0.4767,0.1777,0.1673,0.1879
mid,linsvm,3,1,oov_50,30,0.3333,0.6058,0.5849,0.6269,0.4256,0.3922,0.4584,0.1777,0.1673,0.1879
mid,linsvm,3,1,small,30,0.3333,0.6058,0.5849,0.6269,0.5756,0.5411,0.6067,0.1777,0.1673,0.1879
mid,linsvm,3,10,hard,30,0.3333,0.6327,0.6204,0.6456,0.3617,0.3294,0.3906,0.584,0.5649,0.6033
mid,linsvm,3,10,large,30,0.3333,0.6327,0.6204,0.6456,0.4922,0.4667,0.5161,0.584,0.5649,0.6033
mid,linsvm,3,10,medium,30,0.3333,0.6327,0.6204,0.6456,0.5611,0.5372,0.5839,0.584,0.5649,0.6033
mid,linsvm,3,10,oov_25,30,0.3333,0.6327,0.6204,0.6456,0.5056,0.4783,0.535,0.584,0.5649,0.6033
mid,linsvm,3,10,oov_50,30,0.3333,0.6327,0.6204,0.6456,0.4783,0.4544,0.5017,0.584,0.5649,0.6033
mid,linsvm,3,10,small,30,0.3333,0.6327,0.6204,0.6456,0.6394,0.6172,0.6606,0.584,0.5649,0.6033
mid,linsvm,3,20,hard,30,0.3333,0.5649,0.5424,0.5873,0.3217,0.2994,0.3439,0.6548,0.6401,0.6718
mid,linsvm,3,20,large,30,0.3333,0.5649,0.5424,0.5873,0.4428,0.4167,0.4672,0.6548,0.6401,0.6718
mid,linsvm,3,20,medium,30,0.3333,0.5649,0.5424,0.5873,0.4894,0.4633,0.5133,0.6548,0.6401,0.6718
mid,linsvm,3,20,oov_25,30,0.3333,0.5649,0.5424,0.5873,0.4367,0.4167,0.4556,0.6548,0.6401,0.6718
mid,linsvm,3,20,oov_50,30,0.3333,0.5649,0.5424,0.5873,0.4111,0.3905,0.43,0.6548,0.6401,0.6718
mid,linsvm,3,20,small,30,0.3333,0.5649,0.5424,0.5873,0.5594,0.535,0.5806,0.6548,0.6401,0.6718
mid,linsvm,3,3,hard,30,0.3333,0.6513,0.6335,0.67,0.3733,0.3339,0.4133,0.3562,0.341,0.3725
mid,linsvm,3,3,large,30,0.3333,0.6513,0.6335,0.67,0.4478,0.4178,0.4778,0.3562,0.341,0.3725
mid,linsvm,3,3,medium,30,0.3333,0.6513,0.6335,0.67,0.5417,0.5094,0.5755,0.3562,0.341,0.3725
mid,linsvm,3,3,oov_25,30,0.3333,0.6513,0.6335,0.67,0.4967,0.465,0.5283,0.3562,0.341,0.3725
mid,linsvm,3,3,oov_50,30,0.3333,0.6513,0.6335,0.67,0.4667,0.4383,0.4922,0.3562,0.341,0.3725
mid,linsvm,3,3,small,30,0.3333,0.6513,0.6335,0.67,0.6406,0.6078,0.6711,0.3562,0.341,0.3725
mid,linsvm,3,5,hard,30,0.3333,0.6445,0.624,0.6665,0.3844,0.3444,0.4206,0.4683,0.4529,0.4869
mid,linsvm,3,5,large,30,0.3333,0.6445,0.624,0.6665,0.5,0.4683,0.5305,0.4683,0.4529,0.4869
mid,linsvm,3,5,medium,30,0.3333,0.6445,0.624,0.6665,0.5733,0.5461,0.6022,0.4683,0.4529,0.4869
mid,linsvm,3,5,oov_25,30,0.3333,0.6445,0.624,0.6665,0.5117,0.4839,0.5389,0.4683,0.4529,0.4869
mid,linsvm,3,5,oov_50,30,0.3333,0.6445,0.624,0.6665,0.4789,0.4533,0.5039,0.4683,0.4529,0.4869
mid,linsvm,3,5,small,30,0.3333,0.6445,0.624,0.6665,0.6556,0.6278,0.6834,0.4683,0.4529,0.4869
mid,logreg,3,1,hard,30,0.3333,0.6064,0.586,0.6276,0.2994,0.2711,0.3289,0.0936,0.0881,0.0988
mid,logreg,3,1,large,30,0.3333,0.6064,0.586,0.6276,0.3778,0.3439,0.4111,0.0936,0.0881,0.0988
mid,logreg,3,1,medium,30,0.3333,0.6064,0.586,0.6276,0.4789,0.4417,0.5139,0.0936,0.0881,0.0988
mid,logreg,3,1,oov_25,30,0.3333,0.6064,0.586,0.6276,0.4522,0.4178,0.4889,0.0936,0.0881,0.0988
mid,logreg,3,1,oov_50,30,0.3333,0.6064,0.586,0.6276,0.425,0.3906,0.4561,0.0936,0.0881,0.0988
mid,logreg,3,1,small,30,0.3333,0.6064,0.586,0.6276,0.5789,0.545,0.6117,0.0936,0.0881,0.0988
mid,logreg,3,10,hard,30,0.3333,0.6291,0.6116,0.6458,0.355,0.3228,0.3856,0.4547,0.4329,0.476
mid,logreg,3,10,large,30,0.3333,0.6291,0.6116,0.6458,0.4889,0.4639,0.5111,0.4547,0.4329,0.476
mid,logreg,3,10,medium,30,0.3333,0.6291,0.6116,0.6458,0.5645,0.5405,0.5878,0.4547,0.4329,0.476
mid,logreg,3,10,oov_25,30,0.3333,0.6291,0.6116,0.6458,0.5,0.4739,0.5267,0.4547,0.4329,0.476
mid,logreg,3,10,oov_50,30,0.3333,0.6291,0.6116,0.6458,0.4794,0.4544,0.5033,0.4547,0.4329,0.476
mid,logreg,3,10,small,30,0.3333,0.6291,0.6116,0.6458,0.6344,0.6144,0.6533,0.4547,0.4329,0.476
mid,logreg,3,20,hard,30,0.3333,0.5547,0.5318,0.5767,0.3178,0.2967,0.34,0.5982,0.5759,0.6206
mid,logreg,3,20,large,30,0.3333,0.5547,0.5318,0.5767,0.4328,0.41,0.4539,0.5982,0.5759,0.6206
mid,logreg,3,20,medium,30,0.3333,0.5547,0.5318,0.5767,0.4878,0.4689,0.5061,0.5982,0.5759,0.6206
mid,logreg,3,20,oov_25,30,0.3333,0.5547,0.5318,0.5767,0.4356,0.4172,0.4533,0.5982,0.5759,0.6206
mid,logreg,3,20,oov_50,30,0.3333,0.5547,0.5318,0.5767,0.4133,0.3944,0.4311,0.5982,0.5759,0.6206
mid,logreg,3,20,small,30,0.3333,0.5547,0.5318,0.5767,0.5606,0.5372,0.5828,0.5982,0.5759,0.6206
mid,logreg,3,3,hard,30,0.3333,0.648,0.6298,0.6669,0.3717,0.3361,0.4094,0.2108,0.2001,0.2215
mid,logreg,3,3,large,30,0.3333,0.648,0.6298,0.6669,0.4539,0.4244,0.485,0.2108,0.2001,0.2215
mid,logreg,3,3,medium,30,0.3333,0.648,0.6298,0.6669,0.5472,0.5144,0.5822,0.2108,0.2001,0.2215
mid,logreg,3,3,oov_25,30,0.3333,0.648,0.6298,0.6669,0.4961,0.4656,0.5289,0.2108,0.2001,0.2215
mid,logreg,3,3,oov_50,30,0.3333,0.648,0.6298,0.6669,0.4761,0.4478,0.5017,0.2108,0.2001,0.2215
mid,logreg,3,3,small,30,0.3333,0.648,0.6298,0.6669,0.6344,0.6011,0.6661,0.2108,0.2001,0.2215
mid,logreg,3,5,hard,30,0.3333,0.6411,0.6162,0.666,0.3867,0.3489,0.4217,0.305,0.292,0.3197
mid,logreg,3,5,large,30,0.3333,0.6411,0.6162,0.666,0.5033,0.4761,0.5306,0.305,0.292,0.3197
mid,logreg,3,5,medium,30,0.3333,0.6411,0.6162,0.666,0.5783,0.5494,0.6067,0.305,0.292,0.3197
mid,logreg,3,5,oov_25,30,0.3333,0.6411,0.6162,0.666,0.52,0.4939,0.545,0.305,0.292,0.3197
mid,logreg,3,5,oov_50,30,0.3333,0.6411,0.6162,0.666,0.4822,0.4594,0.5039,0.305,0.292,0.3197
mid,logreg,3,5,small,30,0.3333,0.6411,0.6162,0.666,0.6522,0.6267,0.6783,0.305,0.292,0.3197
mid,random,3,1,hard,30,0.3333,0.3402,0.3271,0.3549,0.11,0.0978,0.1228,1.2503,1.2151,1.283
mid,random,3,1,large,30,0.3333,0.3402,0.3271,0.3549,0.0428,0.0322,0.0561,1.2503,1.2151,1.283
mid,random,3,1,medium,30,0.3333,0.3402,0.3271,0.3549,0.1078,0.0961,0.1217,1.2503,1.2151,1.283
mid,random,3,1,oov_25,30,0.3333,0.3402,0.3271,0.3549,0.1117,0.0978,0.1256,1.2503,1.2151,1.283
mid,random,3,1,oov_50,30,0.3333,0.3402,0.3271,0.3549,0.1011,0.085,0.1178,1.2503,1.2151,1.283
mid,random,3,1,small,30,0.3333,0.3402,0.3271,0.3549,0.2,0.1794,0.22,1.2503,1.2151,1.283
mid,random,3,10,hard,30,0.3333,0.3302,0.314,0.3473,0.1145,0.0978,0.1317,1.2521,1.2206,1.2839
mid,random,3,10,large,30,0.3333,0.3302,0.314,0.3473,0.0528,0.0422,0.0633,1.2521,1.2206,1.2839
mid,random,3,10,medium,30,0.3333,0.3302,0.314,0.3473,0.115,0.0978,0.1311,1.2521,1.2206,1.2839
mid,random,3,10,oov_25,30,0.3333,0.3302,0.314,0.3473,0.1117,0.0944,0.1294,1.2521,1.2206,1.2839
mid,random,3,10,oov_50,30,0.3333,0.3302,0.314,0.3473,0.1089,0.0922,0.1256,1.2521,1.2206,1.2839
mid,random,3,10,small,30,0.3333,0.3302,0.314,0.3473,0.2011,0.1778,0.2211,1.2521,1.2206,1.2839
mid,random,3,20,hard,30,0.3333,0.3329,0.3189,0.3482,0.1028,0.0894,0.1161,1.2256,1.1863,1.2614
mid,random,3,20,large,30,0.3333,0.3329,0.3189,0.3482,0.0406,0.0328,0.0494,1.2256,1.1863,1.2614
mid,random,3,20,medium,30,0.3333,0.3329,0.3189,0.3482,0.1006,0.0894,0.1122,1.2256,1.1863,1.2614
mid,random,3,20,oov_25,30,0.3333,0.3329,0.3189,0.3482,0.0917,0.0767,0.1061,1.2256,1.1863,1.2614
mid,random,3,20,oov_50,30,0.3333,0.3329,0.3189,0.3482,0.1033,0.09,0.1172,1.2256,1.1863,1.2614
mid,random,3,20,small,30,0.3333,0.3329,0.3189,0.3482,0.2083,0.1917,0.2256,1.2256,1.1863,1.2614
mid,random,3,3,hard,30,0.3333,0.3342,0.3218,0.3453,0.11,0.0978,0.1233,1.2251,1.1963,1.2554
mid,random,3,3,large,30,0.3333,0.3342,0.3218,0.3453,0.0411,0.0322,0.0494,1.2251,1.1963,1.2554
mid,random,3,3,medium,30,0.3333,0.3342,0.3218,0.3453,0.1083,0.0961,0.12,1.2251,1.1963,1.2554
mid,random,3,3,oov_25,30,0.3333,0.3342,0.3218,0.3453,0.1161,0.1017,0.1305,1.2251,1.1963,1.2554
mid,random,3,3,oov_50,30,0.3333,0.3342,0.3218,0.3453,0.1056,0.0955,0.1161,1.2251,1.1963,1.2554
mid,random,3,3,small,30,0.3333,0.3342,0.3218,0.3453,0.2144,0.1961,0.2333,1.2251,1.1963,1.2554
mid,random,3,5,hard,30,0.3333,0.3295,0.3167,0.3458,0.0955,0.0822,0.1106,1.2204,1.1906,1.2473
mid,random,3,5,large,30,0.3333,0.3295,0.3167,0.3458,0.0394,0.0311,0.0478,1.2204,1.1906,1.2473
mid,random,3,5,medium,30,0.3333,0.3295,0.3167,0.3458,0.1111,0.0961,0.1267,1.2204,1.1906,1.2473
mid,random,3,5,oov_25,30,0.3333,0.3295,0.3167,0.3458,0.1,0.0883,0.1128,1.2204,1.1906,1.2473
mid,random,3,5,oov_50,30,0.3333,0.3295,0.3167,0.3458,0.0978,0.0867,0.11,1.2204,1.1906,1.2473
mid,random,3,5,small,30,0.3333,0.3295,0.3167,0.3458,0.1983,0.18,0.2178,1.2204,1.1906,1.2473
native,centroid,3,1,std_nway,30,0.3333,0.8451,0.8096,0.8796,0.835,0.7922,0.8722,0.1792,0.1629,0.1941
native,centroid,3,10,std_nway,30,0.3333,0.9656,0.9511,0.9771,0.9544,0.9339,0.9717,0.2747,0.2576,0.2895
native,centroid,3,20,std_nway,30,0.3333,0.9742,0.9626,0.9833,0.9606,0.9483,0.9717,0.2829,0.2669,0.2981
native,centroid,3,3,std_nway,30,0.3333,0.9324,0.9127,0.9489,0.9311,0.9106,0.9506,0.2307,0.2167,0.2444
native,centroid,3,5,std_nway,30,0.3333,0.9429,0.922,0.9596,0.93,0.9005,0.955,0.244,0.2265,0.2589
native,centroid,5,1,std_nway,30,0.2,0.7557,0.7249,0.7875,0.7633,0.733,0.7954,0.1416,0.133,0.1509
native,centroid,5,10,std_nway,30,0.2,0.938,0.9269,0.9496,0.9307,0.912,0.9493,0.2342,0.2257,0.2435
native,centroid,5,20,std_nway,30,0.2,0.9555,0.9487,0.9613,0.9217,0.9057,0.9377,0.2387,0.2304,0.2468
native,centroid,5,3,std_nway,30,0.2,0.8823,0.8624,0.9017,0.854,0.8333,0.8743,0.1859,0.1766,0.1944
native,centroid,5,5,std_nway,30,0.2,0.92,0.9055,0.9352,0.882,0.8623,0.9023,0.2045,0.1957,0.2137
native,exemplar_knn_k1,3,1,std_nway,30,0.3333,0.8451,0.8096,0.8796,0.8555,0.8189,0.89,0.3399,0.3235,0.3561
native,exemplar_knn_k1,3,10,std_nway,30,0.3333,0.9522,0.9387,0.964,0.9622,0.945,0.9767,0.4954,0.4856,0.5036
native,exemplar_knn_k1,3,20,std_nway,30,0.3333,0.9611,0.9529,0.9687,0.9656,0.9533,0.9756,0.5308,0.522,0.539
native,exemplar_knn_k1,3,3,std_nway,30,0.3333,0.9227,0.9049,0.9378,0.9422,0.925,0.9572,0.4205,0.4088,0.4305
native,exemplar_knn_k1,3,5,std_nway,30,0.3333,0.9336,0.9173,0.9493,0.9478,0.9256,0.9645,0.4526,0.4416,0.4627
native,exemplar_knn_k1,5,1,std_nway,30,0.2,0.7557,0.7249,0.7875,0.7603,0.727,0.795,0.3307,0.3204,0.3407
native,exemplar_knn_k1,5,10,std_nway,30,0.2,0.9143,0.9023,0.9272,0.916,0.9013,0.9313,0.4967,0.4911,0.5029
native,exemplar_knn_k1,5,20,std_nway,30,0.2,0.9309,0.9236,0.9384,0.934,0.9223,0.9447,0.531,0.5246,0.538
native,exemplar_knn_k1,5,3,std_nway,30,0.2,0.8519,0.8331,0.87,0.8487,0.8263,0.8703,0.4189,0.4106,0.4268
native,exemplar_knn_k1,5,5,std_nway,30,0.2,0.8868,0.8695,0.9052,0.8907,0.8713,0.9107,0.4513,0.4439,0.4588
native,exemplar_knn_k3,3,1,std_nway,30,0.3333,0.8451,0.8096,0.8796,0.835,0.7922,0.8722,0.1792,0.1629,0.1941
native,exemplar_knn_k3,3,10,std_nway,30,0.3333,0.9542,0.9387,0.968,0.9855,0.9761,0.9933,1.2319,1.1913,1.2701
native,exemplar_knn_k3,3,20,std_nway,30,0.3333,0.9687,0.9602,0.9762,0.9905,0.9856,0.9944,1.3826,1.3415,1.4183
native,exemplar_knn_k3,3,3,std_nway,30,0.3333,0.9169,0.8944,0.9356,0.9667,0.9494,0.98,0.7962,0.7467,0.8404
native,exemplar_knn_k3,3,5,std_nway,30,0.3333,0.9316,0.9116,0.9493,0.9767,0.9605,0.9894,1.0084,0.9539,1.0559
native,exemplar_knn_k3,5,1,std_nway,30,0.2,0.7557,0.7249,0.7875,0.77,0.7403,0.8023,0.1416,0.133,0.1509
native,exemplar_knn_k3,5,10,std_nway,30,0.2,0.9201,0.9076,0.9327,0.96,0.946,0.973,1.1627,1.1309,1.1982
native,exemplar_knn_k3,5,20,std_nway,30,0.2,0.9361,0.9285,0.9441,0.9677,0.9593,0.975,1.3176,1.2882,1.3491
native,exemplar_knn_k3,5,3,std_nway,30,0.2,0.8563,0.8349,0.8765,0.9123,0.894,0.9297,0.6811,0.6444,0.7185
native,exemplar_knn_k3,5,5,std_nway,30,0.2,0.8959,0.8793,0.9123,0.9457,0.9307,0.9607,0.9125,0.877,0.9487
native,exemplar_knn_k5,3,1,std_nway,30,0.3333,0.8451,0.8096,0.8796,0.835,0.7922,0.8722,0.1792,0.1629,0.1941
native,exemplar_knn_k5,3,10,std_nway,30,0.3333,0.9533,0.9376,0.9682,0.9905,0.9833,0.9961,1.8048,1.7284,1.8765
native,exemplar_knn_k5,3,20,std_nway,30,0.3333,0.9684,0.9573,0.9773,0.9961,0.9933,0.9983,2.1187,2.0424,2.1864
native,exemplar_knn_k5,3,3,std_nway,30,0.3333,0.918,0.8976,0.9373,0.9561,0.9389,0.9706,0.6432,0.6055,0.677
native,exemplar_knn_k5,3,5,std_nway,30,0.3333,0.9262,0.9051,0.9456,0.9706,0.955,0.9833,1.2428,1.1614,1.3154
native,exemplar_knn_k5,5,1,std_nway,30,0.2,0.7557,0.7249,0.7875,0.7633,0.733,0.7954,0.1416,0.133,0.1509
native,exemplar_knn_k5,5,10,std_nway,30,0.2,0.9204,0.9076,0.9333,0.9703,0.958,0.9813,1.6669,1.6103,1.7302
native,exemplar_knn_k5,5,20,std_nway,30,0.2,0.9409,0.9327,0.9485,0.9817,0.976,0.9867,1.991,1.938,2.0455
native,exemplar_knn_k5,5,3,std_nway,30,0.2,0.8601,0.8395,0.8796,0.8983,0.8803,0.9164,0.5721,0.5434,0.5986
native,exemplar_knn_k5,5,5,std_nway,30,0.2,0.8992,0.8827,0.9152,0.95,0.934,0.9653,1.095,1.0444,1.1449
native,kcentroid_k1,3,1,std_nway,30,0.3333,0.8451,0.8096,0.8796,0.835,0.7922,0.8722,0.1792,0.1629,0.1941
native,kcentroid_k1,3,10,std_nway,30,0.3333,0.9656,0.9511,0.9771,0.9544,0.9339,0.9717,0.2747,0.2576,0.2895
native,kcentroid_k1,3,20,std_nway,30,0.3333,0.9742,0.9626,0.9833,0.9606,0.9483,0.9717,0.2829,0.2669,0.2981
native,kcentroid_k1,3,3,std_nway,30,0.3333,0.9324,0.9127,0.9489,0.9311,0.9106,0.9506,0.2307,0.2167,0.2444
native,kcentroid_k1,3,5,std_nway,30,0.3333,0.9429,0.922,0.9596,0.93,0.9005,0.955,0.244,0.2265,0.2589
native,kcentroid_k1,5,1,std_nway,30,0.2,0.7557,0.7249,0.7875,0.7633,0.733,0.7954,0.1416,0.133,0.1509
native,kcentroid_k1,5,10,std_nway,30,0.2,0.938,0.9269,0.9496,0.9307,0.912,0.9493,0.2342,0.2257,0.2435
native,kcentroid_k1,5,20,std_nway,30,0.2,0.9555,0.9487,0.9613,0.9217,0.9057,0.9377,0.2387,0.2304,0.2468
native,kcentroid_k1,5,3,std_nway,30,0.2,0.8823,0.8624,0.9017,0.854,0.8333,0.8743,0.1859,0.1766,0.1944
native,kcentroid_k1,5,5,std_nway,30,0.2,0.92,0.9055,0.9352,0.882,0.8623,0.9023,0.2045,0.1957,0.2137
native,kcentroid_k2,3,1,std_nway,30,0.3333,0.8451,0.8096,0.8796,0.835,0.7922,0.8722,0.1792,0.1629,0.1941
native,kcentroid_k2,3,10,std_nway,30,0.3333,0.9587,0.9449,0.9704,0.9583,0.9389,0.9744,0.274,0.2576,0.288
native,kcentroid_k2,3,20,std_nway,30,0.3333,0.974,0.9662,0.9804,0.9633,0.9511,0.9734,0.2904,0.2754,0.3038
native,kcentroid_k2,3,3,std_nway,30,0.3333,0.9264,0.9089,0.9409,0.9328,0.9111,0.9528,0.2241,0.2106,0.2368
native,kcentroid_k2,3,5,std_nway,30,0.3333,0.9378,0.9202,0.9533,0.9295,0.9006,0.955,0.2404,0.2237,0.2555
native,kcentroid_k2,5,1,std_nway,30,0.2,0.7557,0.7249,0.7875,0.7633,0.733,0.7954,0.1416,0.133,0.1509
native,kcentroid_k2,5,10,std_nway,30,0.2,0.9345,0.9229,0.9457,0.9297,0.91,0.9483,0.233,0.2241,0.2424
native,kcentroid_k2,5,20,std_nway,30,0.2,0.9493,0.9416,0.9565,0.929,0.9137,0.9443,0.2444,0.2365,0.2527
native,kcentroid_k2,5,3,std_nway,30,0.2,0.8621,0.844,0.8809,0.8403,0.815,0.866,0.178,0.1693,0.1863
native,kcentroid_k2,5,5,std_nway,30,0.2,0.9041,0.8876,0.9213,0.882,0.8576,0.904,0.2019,0.1935,0.2107
native,kcentroid_k3,3,1,std_nway,30,0.3333,0.8451,0.8096,0.8796,0.835,0.7922,0.8722,0.1792,0.1629,0.1941
native,kcentroid_k3,3,10,std_nway,30,0.3333,0.9593,0.946,0.9718,0.9583,0.9389,0.9745,0.2693,0.2529,0.2826
native,kcentroid_k3,3,20,std_nway,30,0.3333,0.9738,0.9664,0.98,0.9594,0.945,0.9711,0.2895,0.2746,0.3028
native,kcentroid_k3,3,3,std_nway,30,0.3333,0.9227,0.9049,0.9378,0.9272,0.9039,0.9472,0.2133,0.1999,0.2255
native,kcentroid_k3,3,5,std_nway,30,0.3333,0.9349,0.9175,0.9507,0.9272,0.9,0.9511,0.2355,0.2195,0.2496
native,kcentroid_k3,5,1,std_nway,30,0.2,0.7557,0.7249,0.7875,0.7633,0.733,0.7954,0.1416,0.133,0.1509
native,kcentroid_k3,5,10,std_nway,30,0.2,0.9283,0.9163,0.9401,0.9263,0.907,0.9453,0.2302,0.2212,0.2395
native,kcentroid_k3,5,20,std_nway,30,0.2,0.9435,0.9347,0.952,0.9287,0.9147,0.9423,0.2436,0.2357,0.2518
native,kcentroid_k3,5,3,std_nway,30,0.2,0.8519,0.8331,0.87,0.84,0.8153,0.8647,0.1694,0.1615,0.177
native,kcentroid_k3,5,5,std_nway,30,0.2,0.8981,0.8815,0.9153,0.876,0.8547,0.897,0.1958,0.1877,0.2041
native,linsvm,3,1,std_nway,30,0.3333,0.8449,0.8107,0.8767,0.9133,0.8828,0.9406,0.2657,0.2427,0.2871
native,linsvm,3,10,std_nway,30,0.3333,0.9709,0.96,0.98,0.995,0.9883,0.9989,1.0852,1.0468,1.1216
native,linsvm,3,20,std_nway,30,0.3333,0.9838,0.9787,0.9884,0.9983,0.9956,1.0,1.3325,1.2929,1.3698
native,linsvm,3,3,std_nway,30,0.3333,0.9424,0.9253,0.956,0.9844,0.9756,0.9917,0.5884,0.5575,0.6158
native,linsvm,3,5,std_nway,30,0.3333,0.9498,0.9293,0.9662,0.9883,0.9778,0.9956,0.7768,0.7315,0.8161
native,linsvm,5,1,std_nway,30,0.2,0.7615,0.7335,0.7912,0.8403,0.8103,0.872,0.2121,0.1997,0.2248
native,linsvm,5,10,std_nway,30,0.2,0.9484,0.9395,0.9575,0.9817,0.974,0.9887,0.9507,0.9281,0.9741
native,linsvm,5,20,std_nway,30,0.2,0.9631,0.9569,0.9689,0.9913,0.9873,0.9947,1.1966,1.1716,1.2213
native,linsvm,5,3,std_nway,30,0.2,0.8924,0.8737,0.9104,0.9427,0.9263,0.958,0.4862,0.4677,0.5053
native,linsvm,5,5,std_nway,30,0.2,0.9309,0.9181,0.944,0.9697,0.9613,0.9783,0.6634,0.6434,0.6854
native,logreg,3,1,std_nway,30,0.3333,0.8444,0.8107,0.876,0.9139,0.885,0.94,0.1381,0.126,0.1495
native,logreg,3,10,std_nway,30,0.3333,0.9718,0.9607,0.9804,0.995,0.9878,0.9994,0.8618,0.8181,0.9032
native,logreg,3,20,std_nway,30,0.3333,0.9811,0.9747,0.9869,0.9961,0.9922,0.9994,1.2746,1.2182,1.327
native,logreg,3,3,std_nway,30,0.3333,0.9438,0.9258,0.958,0.9844,0.9756,0.9917,0.3522,0.3308,0.3714
native,logreg,3,5,std_nway,30,0.3333,0.9491,0.9287,0.966,0.9894,0.9811,0.9956,0.5139,0.4807,0.5428
native,logreg,5,1,std_nway,30,0.2,0.7621,0.7333,0.7908,0.834,0.8013,0.8663,0.1189,0.1116,0.1262
native,logreg,5,10,std_nway,30,0.2,0.9487,0.9399,0.9573,0.9803,0.9727,0.9873,0.8372,0.8093,0.8665
native,logreg,5,20,std_nway,30,0.2,0.9615,0.9553,0.9669,0.9873,0.981,0.9927,1.2465,1.2108,1.2836
native,logreg,5,3,std_nway,30,0.2,0.8951,0.878,0.9121,0.9377,0.9227,0.9527,0.3167,0.3027,0.3308
native,logreg,5,5,std_nway,30,0.2,0.9301,0.9165,0.9441,0.9637,0.9537,0.974,0.4835,0.4642,0.5033
native,random,3,1,std_nway,30,0.3333,0.3253,0.3095,0.34,0.3172,0.2995,0.3333,1.223,1.197,1.2506
native,random,3,10,std_nway,30,0.3333,0.3367,0.3211,0.3538,0.325,0.2989,0.35,1.2108,1.1815,1.2392
native,random,3,20,std_nway,30,0.3333,0.3411,0.3264,0.3571,0.3444,0.3194,0.3706,1.2014,1.1725,1.2255
native,random,3,3,std_nway,30,0.3333,0.33,0.3153,0.3467,0.3306,0.3056,0.3572,1.187,1.1584,1.2182
native,random,3,5,std_nway,30,0.3333,0.3393,0.3251,0.3538,0.33,0.3028,0.3539,1.1906,1.1626,1.2172
native,random,5,1,std_nway,30,0.2,0.198,0.1903,0.2049,0.1973,0.182,0.2157,1.1039,1.0816,1.1257
native,random,5,10,std_nway,30,0.2,0.1963,0.1869,0.2059,0.1967,0.1823,0.2103,1.1062,1.0848,1.1305
native,random,5,20,std_nway,30,0.2,0.1988,0.1921,0.2059,0.208,0.1893,0.2273,1.1167,1.0903,1.1411
native,random,5,3,std_nway,30,0.2,0.2035,0.1944,0.2139,0.189,0.172,0.205,1.1037,1.085,1.1223
native,random,5,5,std_nway,30,0.2,0.1948,0.1855,0.204,0.1873,0.1713,0.2037,1.0964,1.0731,1.1212
near,centroid,3,1,hard,30,0.3333,0.7264,0.7049,0.748,0.2822,0.2505,0.3167,0.1348,0.1279,0.1418
near,centroid,3,1,large,30,0.3333,0.7264,0.7049,0.748,0.4922,0.4483,0.5317,0.1348,0.1279,0.1418
near,centroid,3,1,medium,30,0.3333,0.7264,0.7049,0.748,0.585,0.5527,0.6189,0.1348,0.1279,0.1418
near,centroid,3,1,oov_25,30,0.3333,0.7264,0.7049,0.748,0.5589,0.5206,0.5939,0.1348,0.1279,0.1418
near,centroid,3,1,oov_50,30,0.3333,0.7264,0.7049,0.748,0.5361,0.5028,0.5678,0.1348,0.1279,0.1418
near,centroid,3,1,small,30,0.3333,0.7264,0.7049,0.748,0.6639,0.63,0.6961,0.1348,0.1279,0.1418
near,centroid,3,10,hard,30,0.3333,0.8793,0.8664,0.8918,0.3011,0.2733,0.3317,0.1716,0.1667,0.1766
near,centroid,3,10,large,30,0.3333,0.8793,0.8664,0.8918,0.66,0.6356,0.6856,0.1716,0.1667,0.1766
near,centroid,3,10,medium,30,0.3333,0.8793,0.8664,0.8918,0.7294,0.7083,0.7511,0.1716,0.1667,0.1766
near,centroid,3,10,oov_25,30,0.3333,0.8793,0.8664,0.8918,0.7044,0.6833,0.7289,0.1716,0.1667,0.1766
near,centroid,3,10,oov_50,30,0.3333,0.8793,0.8664,0.8918,0.6717,0.6483,0.6978,0.1716,0.1667,0.1766
near,centroid,3,10,small,30,0.3333,0.8793,0.8664,0.8918,0.8022,0.78,0.8272,0.1716,0.1667,0.1766
near,centroid,3,20,hard,30,0.3333,0.8935,0.8762,0.9113,0.2517,0.2261,0.2772,0.1614,0.1574,0.1654
near,centroid,3,20,large,30,0.3333,0.8935,0.8762,0.9113,0.6439,0.6211,0.6667,0.1614,0.1574,0.1654
near,centroid,3,20,medium,30,0.3333,0.8935,0.8762,0.9113,0.7172,0.6883,0.745,0.1614,0.1574,0.1654
near,centroid,3,20,oov_25,30,0.3333,0.8935,0.8762,0.9113,0.6883,0.6605,0.7156,0.1614,0.1574,0.1654
near,centroid,3,20,oov_50,30,0.3333,0.8935,0.8762,0.9113,0.6517,0.6172,0.6845,0.1614,0.1574,0.1654
near,centroid,3,20,small,30,0.3333,0.8935,0.8762,0.9113,0.7867,0.7583,0.8133,0.1614,0.1574,0.1654
near,centroid,3,3,hard,30,0.3333,0.8436,0.8304,0.8584,0.2906,0.2656,0.3161,0.1597,0.1529,0.1659
near,centroid,3,3,large,30,0.3333,0.8436,0.8304,0.8584,0.5844,0.5489,0.6206,0.1597,0.1529,0.1659
near,centroid,3,3,medium,30,0.3333,0.8436,0.8304,0.8584,0.6756,0.6461,0.7056,0.1597,0.1529,0.1659
near,centroid,3,3,oov_25,30,0.3333,0.8436,0.8304,0.8584,0.665,0.64,0.695,0.1597,0.1529,0.1659
near,centroid,3,3,oov_50,30,0.3333,0.8436,0.8304,0.8584,0.6222,0.5922,0.6522,0.1597,0.1529,0.1659
near,centroid,3,3,small,30,0.3333,0.8436,0.8304,0.8584,0.7544,0.7294,0.78,0.1597,0.1529,0.1659
near,centroid,3,5,hard,30,0.3333,0.8467,0.8307,0.862,0.3061,0.2706,0.3378,0.1687,0.1645,0.173
near,centroid,3,5,large,30,0.3333,0.8467,0.8307,0.862,0.6139,0.5827,0.645,0.1687,0.1645,0.173
near,centroid,3,5,medium,30,0.3333,0.8467,0.8307,0.862,0.6906,0.6605,0.72,0.1687,0.1645,0.173
near,centroid,3,5,oov_25,30,0.3333,0.8467,0.8307,0.862,0.6733,0.6428,0.7033,0.1687,0.1645,0.173
near,centroid,3,5,oov_50,30,0.3333,0.8467,0.8307,0.862,0.6406,0.6095,0.6695,0.1687,0.1645,0.173
near,centroid,3,5,small,30,0.3333,0.8467,0.8307,0.862,0.7639,0.7378,0.7911,0.1687,0.1645,0.173
near,exemplar_knn_k1,3,1,hard,30,0.3333,0.7264,0.7049,0.748,0.2994,0.2666,0.335,0.2666,0.2578,0.2748
near,exemplar_knn_k1,3,1,large,30,0.3333,0.7264,0.7049,0.748,0.5206,0.4806,0.5567,0.2666,0.2578,0.2748
near,exemplar_knn_k1,3,1,medium,30,0.3333,0.7264,0.7049,0.748,0.6161,0.5789,0.6517,0.2666,0.2578,0.2748
near,exemplar_knn_k1,3,1,oov_25,30,0.3333,0.7264,0.7049,0.748,0.575,0.5389,0.6122,0.2666,0.2578,0.2748
near,exemplar_knn_k1,3,1,oov_50,30,0.3333,0.7264,0.7049,0.748,0.5556,0.5194,0.5889,0.2666,0.2578,0.2748
near,exemplar_knn_k1,3,1,small,30,0.3333,0.7264,0.7049,0.748,0.6956,0.6594,0.7283,0.2666,0.2578,0.2748
near,exemplar_knn_k1,3,10,hard,30,0.3333,0.8547,0.8391,0.868,0.3522,0.3278,0.3756,0.3951,0.3911,0.3987
near,exemplar_knn_k1,3,10,large,30,0.3333,0.8547,0.8391,0.868,0.6972,0.6617,0.7284,0.3951,0.3911,0.3987
near,exemplar_knn_k1,3,10,medium,30,0.3333,0.8547,0.8391,0.868,0.7761,0.745,0.8022,0.3951,0.3911,0.3987
near,exemplar_knn_k1,3,10,oov_25,30,0.3333,0.8547,0.8391,0.868,0.7217,0.6961,0.7461,0.3951,0.3911,0.3987
near,exemplar_knn_k1,3,10,oov_50,30,0.3333,0.8547,0.8391,0.868,0.6578,0.6328,0.6828,0.3951,0.3911,0.3987
near,exemplar_knn_k1,3,10,small,30,0.3333,0.8547,0.8391,0.868,0.8339,0.8145,0.8528,0.3951,0.3911,0.3987
near,exemplar_knn_k1,3,20,hard,30,0.3333,0.8691,0.8567,0.8822,0.3222,0.2966,0.3467,0.4106,0.4073,0.4141
near,exemplar_knn_k1,3,20,large,30,0.3333,0.8691,0.8567,0.8822,0.6728,0.6406,0.7044,0.4106,0.4073,0.4141
near,exemplar_knn_k1,3,20,medium,30,0.3333,0.8691,0.8567,0.8822,0.7761,0.7528,0.8,0.4106,0.4073,0.4141
near,exemplar_knn_k1,3,20,oov_25,30,0.3333,0.8691,0.8567,0.8822,0.7106,0.6833,0.7361,0.4106,0.4073,0.4141
near,exemplar_knn_k1,3,20,oov_50,30,0.3333,0.8691,0.8567,0.8822,0.6383,0.6061,0.6683,0.4106,0.4073,0.4141
near,exemplar_knn_k1,3,20,small,30,0.3333,0.8691,0.8567,0.8822,0.8239,0.8016,0.845,0.4106,0.4073,0.4141
near,exemplar_knn_k1,3,3,hard,30,0.3333,0.8249,0.8098,0.8391,0.2906,0.2583,0.3228,0.3402,0.334,0.3464
near,exemplar_knn_k1,3,3,large,30,0.3333,0.8249,0.8098,0.8391,0.6456,0.6117,0.6828,0.3402,0.334,0.3464
near,exemplar_knn_k1,3,3,medium,30,0.3333,0.8249,0.8098,0.8391,0.72,0.6866,0.7561,0.3402,0.334,0.3464
near,exemplar_knn_k1,3,3,oov_25,30,0.3333,0.8249,0.8098,0.8391,0.6794,0.6494,0.7094,0.3402,0.334,0.3464
near,exemplar_knn_k1,3,3,oov_50,30,0.3333,0.8249,0.8098,0.8391,0.615,0.5828,0.6434,0.3402,0.334,0.3464
near,exemplar_knn_k1,3,3,small,30,0.3333,0.8249,0.8098,0.8391,0.7894,0.7639,0.8178,0.3402,0.334,0.3464
near,exemplar_knn_k1,3,5,hard,30,0.3333,0.8305,0.8151,0.8467,0.3356,0.3033,0.3672,0.3648,0.3584,0.3711
near,exemplar_knn_k1,3,5,large,30,0.3333,0.8305,0.8151,0.8467,0.6461,0.6133,0.6772,0.3648,0.3584,0.3711
near,exemplar_knn_k1,3,5,medium,30,0.3333,0.8305,0.8151,0.8467,0.7278,0.6983,0.7572,0.3648,0.3584,0.3711
near,exemplar_knn_k1,3,5,oov_25,30,0.3333,0.8305,0.8151,0.8467,0.69,0.6639,0.7144,0.3648,0.3584,0.3711
near,exemplar_knn_k1,3,5,oov_50,30,0.3333,0.8305,0.8151,0.8467,0.6356,0.6089,0.6606,0.3648,0.3584,0.3711
near,exemplar_knn_k1,3,5,small,30,0.3333,0.8305,0.8151,0.8467,0.7972,0.7767,0.8172,0.3648,0.3584,0.3711
near,exemplar_knn_k3,3,1,hard,30,0.3333,0.7264,0.7049,0.748,0.2822,0.2505,0.3167,0.1348,0.1279,0.1418
near,exemplar_knn_k3,3,1,large,30,0.3333,0.7264,0.7049,0.748,0.4922,0.4483,0.5317,0.1348,0.1279,0.1418
near,exemplar_knn_k3,3,1,medium,30,0.3333,0.7264,0.7049,0.748,0.585,0.5527,0.6189,0.1348,0.1279,0.1418
near,exemplar_knn_k3,3,1,oov_25,30,0.3333,0.7264,0.7049,0.748,0.5589,0.5206,0.5939,0.1348,0.1279,0.1418
near,exemplar_knn_k3,3,1,oov_50,30,0.3333,0.7264,0.7049,0.748,0.5361,0.5028,0.5678,0.1348,0.1279,0.1418
near,exemplar_knn_k3,3,1,small,30,0.3333,0.7264,0.7049,0.748,0.6639,0.63,0.6961,0.1348,0.1279,0.1418
near,exemplar_knn_k3,3,10,hard,30,0.3333,0.8578,0.846,0.8691,0.3945,0.37,0.4217,0.8725,0.8532,0.8907
near,exemplar_knn_k3,3,10,large,30,0.3333,0.8578,0.846,0.8691,0.7778,0.7506,0.8067,0.8725,0.8532,0.8907
near,exemplar_knn_k3,3,10,medium,30,0.3333,0.8578,0.846,0.8691,0.8461,0.8244,0.8678,0.8725,0.8532,0.8907
near,exemplar_knn_k3,3,10,oov_25,30,0.3333,0.8578,0.846,0.8691,0.7767,0.7539,0.8,0.8725,0.8532,0.8907
near,exemplar_knn_k3,3,10,oov_50,30,0.3333,0.8578,0.846,0.8691,0.7078,0.6828,0.7345,0.8725,0.8532,0.8907
near,exemplar_knn_k3,3,10,small,30,0.3333,0.8578,0.846,0.8691,0.9022,0.8861,0.9194,0.8725,0.8532,0.8907
near,exemplar_knn_k3,3,20,hard,30,0.3333,0.8787,0.8687,0.89,0.375,0.3433,0.405,0.9473,0.9306,0.9641
near,exemplar_knn_k3,3,20,large,30,0.3333,0.8787,0.8687,0.89,0.7706,0.7433,0.7989,0.9473,0.9306,0.9641
near,exemplar_knn_k3,3,20,medium,30,0.3333,0.8787,0.8687,0.89,0.8539,0.8333,0.8761,0.9473,0.9306,0.9641
near,exemplar_knn_k3,3,20,oov_25,30,0.3333,0.8787,0.8687,0.89,0.7683,0.74,0.7967,0.9473,0.9306,0.9641
near,exemplar_knn_k3,3,20,oov_50,30,0.3333,0.8787,0.8687,0.89,0.69,0.6528,0.7239,0.9473,0.9306,0.9641
near,exemplar_knn_k3,3,20,small,30,0.3333,0.8787,0.8687,0.89,0.895,0.8772,0.9122,0.9473,0.9306,0.9641
near,exemplar_knn_k3,3,3,hard,30,0.3333,0.8178,0.8024,0.8333,0.3339,0.3089,0.3589,0.5614,0.5341,0.586
near,exemplar_knn_k3,3,3,large,30,0.3333,0.8178,0.8024,0.8333,0.6778,0.645,0.7123,0.5614,0.5341,0.586
near,exemplar_knn_k3,3,3,medium,30,0.3333,0.8178,0.8024,0.8333,0.7578,0.7272,0.7895,0.5614,0.5341,0.586
near,exemplar_knn_k3,3,3,oov_25,30,0.3333,0.8178,0.8024,0.8333,0.7233,0.6961,0.7511,0.5614,0.5341,0.586
near,exemplar_knn_k3,3,3,oov_50,30,0.3333,0.8178,0.8024,0.8333,0.6428,0.6139,0.6706,0.5614,0.5341,0.586
near,exemplar_knn_k3,3,3,small,30,0.3333,0.8178,0.8024,0.8333,0.8328,0.8111,0.8545,0.5614,0.5341,0.586
near,exemplar_knn_k3,3,5,hard,30,0.3333,0.8331,0.816,0.8502,0.38,0.3406,0.4178,0.7099,0.6908,0.7275
near,exemplar_knn_k3,3,5,large,30,0.3333,0.8331,0.816,0.8502,0.7161,0.6867,0.7439,0.7099,0.6908,0.7275
near,exemplar_knn_k3,3,5,medium,30,0.3333,0.8331,0.816,0.8502,0.795,0.7695,0.8217,0.7099,0.6908,0.7275
near,exemplar_knn_k3,3,5,oov_25,30,0.3333,0.8331,0.816,0.8502,0.7433,0.7194,0.7694,0.7099,0.6908,0.7275
near,exemplar_knn_k3,3,5,oov_50,30,0.3333,0.8331,0.816,0.8502,0.6861,0.66,0.7139,0.7099,0.6908,0.7275
near,exemplar_knn_k3,3,5,small,30,0.3333,0.8331,0.816,0.8502,0.8572,0.8339,0.8806,0.7099,0.6908,0.7275
near,exemplar_knn_k5,3,1,hard,30,0.3333,0.7264,0.7049,0.748,0.2822,0.2505,0.3167,0.1348,0.1279,0.1418
near,exemplar_knn_k5,3,1,large,30,0.3333,0.7264,0.7049,0.748,0.4922,0.4483,0.5317,0.1348,0.1279,0.1418
near,exemplar_knn_k5,3,1,medium,30,0.3333,0.7264,0.7049,0.748,0.585,0.5527,0.6189,0.1348,0.1279,0.1418
near,exemplar_knn_k5,3,1,oov_25,30,0.3333,0.7264,0.7049,0.748,0.5589,0.5206,0.5939,0.1348,0.1279,0.1418
near,exemplar_knn_k5,3,1,oov_50,30,0.3333,0.7264,0.7049,0.748,0.5361,0.5028,0.5678,0.1348,0.1279,0.1418
near,exemplar_knn_k5,3,1,small,30,0.3333,0.7264,0.7049,0.748,0.6639,0.63,0.6961,0.1348,0.1279,0.1418
near,exemplar_knn_k5,3,10,hard,30,0.3333,0.8633,0.8515,0.8755,0.3906,0.3672,0.4161,1.2241,1.1899,1.2592
near,exemplar_knn_k5,3,10,large,30,0.3333,0.8633,0.8515,0.8755,0.7917,0.7694,0.8161,1.2241,1.1899,1.2592
near,exemplar_knn_k5,3,10,medium,30,0.3333,0.8633,0.8515,0.8755,0.8544,0.8311,0.8783,1.2241,1.1899,1.2592
near,exemplar_knn_k5,3,10,oov_25,30,0.3333,0.8633,0.8515,0.8755,0.79,0.7672,0.8139,1.2241,1.1899,1.2592
near,exemplar_knn_k5,3,10,oov_50,30,0.3333,0.8633,0.8515,0.8755,0.7217,0.6983,0.7483,1.2241,1.1899,1.2592
near,exemplar_knn_k5,3,10,small,30,0.3333,0.8633,0.8515,0.8755,0.9139,0.8967,0.93,1.2241,1.1899,1.2592
near,exemplar_knn_k5,3,20,hard,30,0.3333,0.8836,0.8718,0.8971,0.3855,0.3539,0.4139,1.3937,1.3654,1.4217
near,exemplar_knn_k5,3,20,large,30,0.3333,0.8836,0.8718,0.8971,0.7883,0.7566,0.8228,1.3937,1.3654,1.4217
near,exemplar_knn_k5,3,20,medium,30,0.3333,0.8836,0.8718,0.8971,0.8733,0.8522,0.8961,1.3937,1.3654,1.4217
near,exemplar_knn_k5,3,20,oov_25,30,0.3333,0.8836,0.8718,0.8971,0.7856,0.7572,0.8145,1.3937,1.3654,1.4217
near,exemplar_knn_k5,3,20,oov_50,30,0.3333,0.8836,0.8718,0.8971,0.7178,0.6817,0.7517,1.3937,1.3654,1.4217
near,exemplar_knn_k5,3,20,small,30,0.3333,0.8836,0.8718,0.8971,0.9017,0.8828,0.9206,1.3937,1.3654,1.4217
near,exemplar_knn_k5,3,3,hard,30,0.3333,0.8164,0.8011,0.8327,0.3133,0.2872,0.3406,0.4652,0.4459,0.4833
near,exemplar_knn_k5,3,3,large,30,0.3333,0.8164,0.8011,0.8327,0.6506,0.6139,0.6872,0.4652,0.4459,0.4833
near,exemplar_knn_k5,3,3,medium,30,0.3333,0.8164,0.8011,0.8327,0.7311,0.7039,0.76,0.4652,0.4459,0.4833
near,exemplar_knn_k5,3,3,oov_25,30,0.3333,0.8164,0.8011,0.8327,0.7083,0.6844,0.7367,0.4652,0.4459,0.4833
near,exemplar_knn_k5,3,3,oov_50,30,0.3333,0.8164,0.8011,0.8327,0.6456,0.6194,0.67,0.4652,0.4459,0.4833
near,exemplar_knn_k5,3,3,small,30,0.3333,0.8164,0.8011,0.8327,0.8133,0.7911,0.8361,0.4652,0.4459,0.4833
near,exemplar_knn_k5,3,5,hard,30,0.3333,0.8338,0.8173,0.8505,0.3656,0.3239,0.4039,0.8393,0.8114,0.8654
near,exemplar_knn_k5,3,5,large,30,0.3333,0.8338,0.8173,0.8505,0.7067,0.6739,0.7372,0.8393,0.8114,0.8654
near,exemplar_knn_k5,3,5,medium,30,0.3333,0.8338,0.8173,0.8505,0.7856,0.7567,0.8122,0.8393,0.8114,0.8654
near,exemplar_knn_k5,3,5,oov_25,30,0.3333,0.8338,0.8173,0.8505,0.745,0.7206,0.7689,0.8393,0.8114,0.8654
near,exemplar_knn_k5,3,5,oov_50,30,0.3333,0.8338,0.8173,0.8505,0.7,0.6722,0.7284,0.8393,0.8114,0.8654
near,exemplar_knn_k5,3,5,small,30,0.3333,0.8338,0.8173,0.8505,0.8494,0.825,0.8744,0.8393,0.8114,0.8654
near,kcentroid_k1,3,1,hard,30,0.3333,0.7264,0.7049,0.748,0.2822,0.2505,0.3167,0.1348,0.1279,0.1418
near,kcentroid_k1,3,1,large,30,0.3333,0.7264,0.7049,0.748,0.4922,0.4483,0.5317,0.1348,0.1279,0.1418
near,kcentroid_k1,3,1,medium,30,0.3333,0.7264,0.7049,0.748,0.585,0.5527,0.6189,0.1348,0.1279,0.1418
near,kcentroid_k1,3,1,oov_25,30,0.3333,0.7264,0.7049,0.748,0.5589,0.5206,0.5939,0.1348,0.1279,0.1418
near,kcentroid_k1,3,1,oov_50,30,0.3333,0.7264,0.7049,0.748,0.5361,0.5028,0.5678,0.1348,0.1279,0.1418
near,kcentroid_k1,3,1,small,30,0.3333,0.7264,0.7049,0.748,0.6639,0.63,0.6961,0.1348,0.1279,0.1418
near,kcentroid_k1,3,10,hard,30,0.3333,0.8793,0.8664,0.8918,0.3011,0.2733,0.3317,0.1716,0.1667,0.1766
near,kcentroid_k1,3,10,large,30,0.3333,0.8793,0.8664,0.8918,0.66,0.6356,0.6856,0.1716,0.1667,0.1766
near,kcentroid_k1,3,10,medium,30,0.3333,0.8793,0.8664,0.8918,0.7294,0.7083,0.7511,0.1716,0.1667,0.1766
near,kcentroid_k1,3,10,oov_25,30,0.3333,0.8793,0.8664,0.8918,0.7044,0.6833,0.7289,0.1716,0.1667,0.1766
near,kcentroid_k1,3,10,oov_50,30,0.3333,0.8793,0.8664,0.8918,0.6717,0.6483,0.6978,0.1716,0.1667,0.1766
near,kcentroid_k1,3,10,small,30,0.3333,0.8793,0.8664,0.8918,0.8022,0.78,0.8272,0.1716,0.1667,0.1766
near,kcentroid_k1,3,20,hard,30,0.3333,0.8935,0.8762,0.9113,0.2517,0.2261,0.2772,0.1614,0.1574,0.1654
near,kcentroid_k1,3,20,large,30,0.3333,0.8935,0.8762,0.9113,0.6439,0.6211,0.6667,0.1614,0.1574,0.1654
near,kcentroid_k1,3,20,medium,30,0.3333,0.8935,0.8762,0.9113,0.7172,0.6883,0.745,0.1614,0.1574,0.1654
near,kcentroid_k1,3,20,oov_25,30,0.3333,0.8935,0.8762,0.9113,0.6883,0.6605,0.7156,0.1614,0.1574,0.1654
near,kcentroid_k1,3,20,oov_50,30,0.3333,0.8935,0.8762,0.9113,0.6517,0.6172,0.6845,0.1614,0.1574,0.1654
near,kcentroid_k1,3,20,small,30,0.3333,0.8935,0.8762,0.9113,0.7867,0.7583,0.8133,0.1614,0.1574,0.1654
near,kcentroid_k1,3,3,hard,30,0.3333,0.8436,0.8304,0.8584,0.2906,0.2656,0.3161,0.1597,0.1529,0.1659
near,kcentroid_k1,3,3,large,30,0.3333,0.8436,0.8304,0.8584,0.5844,0.5489,0.6206,0.1597,0.1529,0.1659
near,kcentroid_k1,3,3,medium,30,0.3333,0.8436,0.8304,0.8584,0.6756,0.6461,0.7056,0.1597,0.1529,0.1659
near,kcentroid_k1,3,3,oov_25,30,0.3333,0.8436,0.8304,0.8584,0.665,0.64,0.695,0.1597,0.1529,0.1659
near,kcentroid_k1,3,3,oov_50,30,0.3333,0.8436,0.8304,0.8584,0.6222,0.5922,0.6522,0.1597,0.1529,0.1659
near,kcentroid_k1,3,3,small,30,0.3333,0.8436,0.8304,0.8584,0.7544,0.7294,0.78,0.1597,0.1529,0.1659
near,kcentroid_k1,3,5,hard,30,0.3333,0.8467,0.8307,0.862,0.3061,0.2706,0.3378,0.1687,0.1645,0.173
near,kcentroid_k1,3,5,large,30,0.3333,0.8467,0.8307,0.862,0.6139,0.5827,0.645,0.1687,0.1645,0.173
near,kcentroid_k1,3,5,medium,30,0.3333,0.8467,0.8307,0.862,0.6906,0.6605,0.72,0.1687,0.1645,0.173
near,kcentroid_k1,3,5,oov_25,30,0.3333,0.8467,0.8307,0.862,0.6733,0.6428,0.7033,0.1687,0.1645,0.173
near,kcentroid_k1,3,5,oov_50,30,0.3333,0.8467,0.8307,0.862,0.6406,0.6095,0.6695,0.1687,0.1645,0.173
near,kcentroid_k1,3,5,small,30,0.3333,0.8467,0.8307,0.862,0.7639,0.7378,0.7911,0.1687,0.1645,0.173
near,kcentroid_k2,3,1,hard,30,0.3333,0.7264,0.7049,0.748,0.2822,0.2505,0.3167,0.1348,0.1279,0.1418
near,kcentroid_k2,3,1,large,30,0.3333,0.7264,0.7049,0.748,0.4922,0.4483,0.5317,0.1348,0.1279,0.1418
near,kcentroid_k2,3,1,medium,30,0.3333,0.7264,0.7049,0.748,0.585,0.5527,0.6189,0.1348,0.1279,0.1418
near,kcentroid_k2,3,1,oov_25,30,0.3333,0.7264,0.7049,0.748,0.5589,0.5206,0.5939,0.1348,0.1279,0.1418
near,kcentroid_k2,3,1,oov_50,30,0.3333,0.7264,0.7049,0.748,0.5361,0.5028,0.5678,0.1348,0.1279,0.1418
near,kcentroid_k2,3,1,small,30,0.3333,0.7264,0.7049,0.748,0.6639,0.63,0.6961,0.1348,0.1279,0.1418
near,kcentroid_k2,3,10,hard,30,0.3333,0.8713,0.8587,0.8849,0.3183,0.2945,0.3428,0.1749,0.1711,0.1785
near,kcentroid_k2,3,10,large,30,0.3333,0.8713,0.8587,0.8849,0.6422,0.6211,0.665,0.1749,0.1711,0.1785
near,kcentroid_k2,3,10,medium,30,0.3333,0.8713,0.8587,0.8849,0.7156,0.6933,0.7411,0.1749,0.1711,0.1785
near,kcentroid_k2,3,10,oov_25,30,0.3333,0.8713,0.8587,0.8849,0.6883,0.6667,0.7111,0.1749,0.1711,0.1785
near,kcentroid_k2,3,10,oov_50,30,0.3333,0.8713,0.8587,0.8849,0.6606,0.6411,0.6817,0.1749,0.1711,0.1785
near,kcentroid_k2,3,10,small,30,0.3333,0.8713,0.8587,0.8849,0.7906,0.7667,0.815,0.1749,0.1711,0.1785
near,kcentroid_k2,3,20,hard,30,0.3333,0.8813,0.8669,0.8962,0.2589,0.2267,0.2883,0.1665,0.162,0.1708
near,kcentroid_k2,3,20,large,30,0.3333,0.8813,0.8669,0.8962,0.625,0.5939,0.6556,0.1665,0.162,0.1708
near,kcentroid_k2,3,20,medium,30,0.3333,0.8813,0.8669,0.8962,0.71,0.6756,0.7406,0.1665,0.162,0.1708
near,kcentroid_k2,3,20,oov_25,30,0.3333,0.8813,0.8669,0.8962,0.6756,0.6428,0.7072,0.1665,0.162,0.1708
near,kcentroid_k2,3,20,oov_50,30,0.3333,0.8813,0.8669,0.8962,0.6539,0.6161,0.6872,0.1665,0.162,0.1708
near,kcentroid_k2,3,20,small,30,0.3333,0.8813,0.8669,0.8962,0.7867,0.7589,0.8145,0.1665,0.162,0.1708
near,kcentroid_k2,3,3,hard,30,0.3333,0.8324,0.8189,0.8462,0.2911,0.2622,0.3206,0.1549,0.1481,0.1613
near,kcentroid_k2,3,3,large,30,0.3333,0.8324,0.8189,0.8462,0.5789,0.5477,0.6111,0.1549,0.1481,0.1613
near,kcentroid_k2,3,3,medium,30,0.3333,0.8324,0.8189,0.8462,0.6567,0.6272,0.69,0.1549,0.1481,0.1613
near,kcentroid_k2,3,3,oov_25,30,0.3333,0.8324,0.8189,0.8462,0.6444,0.6161,0.6761,0.1549,0.1481,0.1613
near,kcentroid_k2,3,3,oov_50,30,0.3333,0.8324,0.8189,0.8462,0.605,0.58,0.6306,0.1549,0.1481,0.1613
near,kcentroid_k2,3,3,small,30,0.3333,0.8324,0.8189,0.8462,0.74,0.7155,0.765,0.1549,0.1481,0.1613
near,kcentroid_k2,3,5,hard,30,0.3333,0.8347,0.8184,0.8516,0.2994,0.2622,0.3395,0.1681,0.163,0.1738
near,kcentroid_k2,3,5,large,30,0.3333,0.8347,0.8184,0.8516,0.5817,0.5495,0.6117,0.1681,0.163,0.1738
near,kcentroid_k2,3,5,medium,30,0.3333,0.8347,0.8184,0.8516,0.6739,0.6417,0.7039,0.1681,0.163,0.1738
near,kcentroid_k2,3,5,oov_25,30,0.3333,0.8347,0.8184,0.8516,0.6578,0.63,0.6889,0.1681,0.163,0.1738
near,kcentroid_k2,3,5,oov_50,30,0.3333,0.8347,0.8184,0.8516,0.6183,0.5889,0.6483,0.1681,0.163,0.1738
near,kcentroid_k2,3,5,small,30,0.3333,0.8347,0.8184,0.8516,0.765,0.7378,0.7939,0.1681,0.163,0.1738
near,kcentroid_k3,3,1,hard,30,0.3333,0.7264,0.7049,0.748,0.2822,0.2505,0.3167,0.1348,0.1279,0.1418
near,kcentroid_k3,3,1,large,30,0.3333,0.7264,0.7049,0.748,0.4922,0.4483,0.5317,0.1348,0.1279,0.1418
near,kcentroid_k3,3,1,medium,30,0.3333,0.7264,0.7049,0.748,0.585,0.5527,0.6189,0.1348,0.1279,0.1418
near,kcentroid_k3,3,1,oov_25,30,0.3333,0.7264,0.7049,0.748,0.5589,0.5206,0.5939,0.1348,0.1279,0.1418
near,kcentroid_k3,3,1,oov_50,30,0.3333,0.7264,0.7049,0.748,0.5361,0.5028,0.5678,0.1348,0.1279,0.1418
near,kcentroid_k3,3,1,small,30,0.3333,0.7264,0.7049,0.748,0.6639,0.63,0.6961,0.1348,0.1279,0.1418
near,kcentroid_k3,3,10,hard,30,0.3333,0.8727,0.8602,0.8867,0.3222,0.2939,0.3517,0.1755,0.1718,0.1791
near,kcentroid_k3,3,10,large,30,0.3333,0.8727,0.8602,0.8867,0.645,0.6206,0.6711,0.1755,0.1718,0.1791
near,kcentroid_k3,3,10,medium,30,0.3333,0.8727,0.8602,0.8867,0.7233,0.6995,0.7472,0.1755,0.1718,0.1791
near,kcentroid_k3,3,10,oov_25,30,0.3333,0.8727,0.8602,0.8867,0.7039,0.6822,0.7289,0.1755,0.1718,0.1791
near,kcentroid_k3,3,10,oov_50,30,0.3333,0.8727,0.8602,0.8867,0.6711,0.6483,0.6961,0.1755,0.1718,0.1791
near,kcentroid_k3,3,10,small,30,0.3333,0.8727,0.8602,0.8867,0.8072,0.7861,0.8317,0.1755,0.1718,0.1791
near,kcentroid_k3,3,20,hard,30,0.3333,0.8818,0.8687,0.8973,0.2689,0.2394,0.2978,0.168,0.1635,0.1725
near,kcentroid_k3,3,20,large,30,0.3333,0.8818,0.8687,0.8973,0.6189,0.59,0.6472,0.168,0.1635,0.1725
near,kcentroid_k3,3,20,medium,30,0.3333,0.8818,0.8687,0.8973,0.7044,0.6733,0.7328,0.168,0.1635,0.1725
near,kcentroid_k3,3,20,oov_25,30,0.3333,0.8818,0.8687,0.8973,0.6739,0.6422,0.7056,0.168,0.1635,0.1725
near,kcentroid_k3,3,20,oov_50,30,0.3333,0.8818,0.8687,0.8973,0.6411,0.6039,0.6778,0.168,0.1635,0.1725
near,kcentroid_k3,3,20,small,30,0.3333,0.8818,0.8687,0.8973,0.7878,0.7611,0.815,0.168,0.1635,0.1725
near,kcentroid_k3,3,3,hard,30,0.3333,0.8249,0.8098,0.8391,0.2672,0.2394,0.2961,0.1499,0.1432,0.1557
near,kcentroid_k3,3,3,large,30,0.3333,0.8249,0.8098,0.8391,0.555,0.5205,0.5861,0.1499,0.1432,0.1557
near,kcentroid_k3,3,3,medium,30,0.3333,0.8249,0.8098,0.8391,0.6461,0.6183,0.6733,0.1499,0.1432,0.1557
near,kcentroid_k3,3,3,oov_25,30,0.3333,0.8249,0.8098,0.8391,0.6278,0.5933,0.6606,0.1499,0.1432,0.1557
near,kcentroid_k3,3,3,oov_50,30,0.3333,0.8249,0.8098,0.8391,0.5956,0.5655,0.6217,0.1499,0.1432,0.1557
near,kcentroid_k3,3,3,small,30,0.3333,0.8249,0.8098,0.8391,0.7367,0.7083,0.7639,0.1499,0.1432,0.1557
near,kcentroid_k3,3,5,hard,30,0.3333,0.8291,0.8142,0.8451,0.2983,0.2633,0.3344,0.1664,0.1613,0.1717
near,kcentroid_k3,3,5,large,30,0.3333,0.8291,0.8142,0.8451,0.5672,0.54,0.5933,0.1664,0.1613,0.1717
near,kcentroid_k3,3,5,medium,30,0.3333,0.8291,0.8142,0.8451,0.6583,0.6283,0.6872,0.1664,0.1613,0.1717
near,kcentroid_k3,3,5,oov_25,30,0.3333,0.8291,0.8142,0.8451,0.6506,0.6228,0.6806,0.1664,0.1613,0.1717
near,kcentroid_k3,3,5,oov_50,30,0.3333,0.8291,0.8142,0.8451,0.61,0.5789,0.6411,0.1664,0.1613,0.1717
near,kcentroid_k3,3,5,small,30,0.3333,0.8291,0.8142,0.8451,0.7567,0.7283,0.7845,0.1664,0.1613,0.1717
near,linsvm,3,1,hard,30,0.3333,0.7238,0.7022,0.7469,0.3433,0.3072,0.3817,0.1955,0.1849,0.2057
near,linsvm,3,1,large,30,0.3333,0.7238,0.7022,0.7469,0.5389,0.4944,0.5833,0.1955,0.1849,0.2057
near,linsvm,3,1,medium,30,0.3333,0.7238,0.7022,0.7469,0.6439,0.6056,0.6806,0.1955,0.1849,0.2057
near,linsvm,3,1,oov_25,30,0.3333,0.7238,0.7022,0.7469,0.5822,0.5428,0.6183,0.1955,0.1849,0.2057
near,linsvm,3,1,oov_50,30,0.3333,0.7238,0.7022,0.7469,0.5317,0.4961,0.565,0.1955,0.1849,0.2057
near,linsvm,3,1,small,30,0.3333,0.7238,0.7022,0.7469,0.7456,0.7094,0.78,0.1955,0.1849,0.2057
near,linsvm,3,10,hard,30,0.3333,0.8878,0.8755,0.9013,0.4839,0.4556,0.5145,0.6817,0.6638,0.6984
near,linsvm,3,10,large,30,0.3333,0.8878,0.8755,0.9013,0.8211,0.7944,0.8472,0.6817,0.6638,0.6984
near,linsvm,3,10,medium,30,0.3333,0.8878,0.8755,0.9013,0.8639,0.8428,0.8845,0.6817,0.6638,0.6984
near,linsvm,3,10,oov_25,30,0.3333,0.8878,0.8755,0.9013,0.7939,0.7667,0.8222,0.6817,0.6638,0.6984
near,linsvm,3,10,oov_50,30,0.3333,0.8878,0.8755,0.9013,0.7183,0.6933,0.7428,0.6817,0.6638,0.6984
near,linsvm,3,10,small,30,0.3333,0.8878,0.8755,0.9013,0.9244,0.9056,0.9439,0.6817,0.6638,0.6984
near,linsvm,3,20,hard,30,0.3333,0.8891,0.8725,0.9064,0.4339,0.3917,0.4711,0.7926,0.7751,0.8104
near,linsvm,3,20,large,30,0.3333,0.8891,0.8725,0.9064,0.8189,0.7894,0.85,0.7926,0.7751,0.8104
near,linsvm,3,20,medium,30,0.3333,0.8891,0.8725,0.9064,0.8872,0.8622,0.9133,0.7926,0.7751,0.8104
near,linsvm,3,20,oov_25,30,0.3333,0.8891,0.8725,0.9064,0.7994,0.7711,0.8311,0.7926,0.7751,0.8104
near,linsvm,3,20,oov_50,30,0.3333,0.8891,0.8725,0.9064,0.7233,0.69,0.7544,0.7926,0.7751,0.8104
near,linsvm,3,20,small,30,0.3333,0.8891,0.8725,0.9064,0.9261,0.9067,0.9445,0.7926,0.7751,0.8104
near,linsvm,3,3,hard,30,0.3333,0.8362,0.8211,0.8529,0.4017,0.3778,0.4261,0.3971,0.3797,0.4134
near,linsvm,3,3,large,30,0.3333,0.8362,0.8211,0.8529,0.7267,0.6967,0.7589,0.3971,0.3797,0.4134
near,linsvm,3,3,medium,30,0.3333,0.8362,0.8211,0.8529,0.795,0.7639,0.8261,0.3971,0.3797,0.4134
near,linsvm,3,3,oov_25,30,0.3333,0.8362,0.8211,0.8529,0.7406,0.7117,0.7711,0.3971,0.3797,0.4134
near,linsvm,3,3,oov_50,30,0.3333,0.8362,0.8211,0.8529,0.6405,0.6089,0.67,0.3971,0.3797,0.4134
near,linsvm,3,3,small,30,0.3333,0.8362,0.8211,0.8529,0.8817,0.8594,0.9033,0.3971,0.3797,0.4134
near,linsvm,3,5,hard,30,0.3333,0.8473,0.8307,0.8633,0.4544,0.4128,0.4933,0.5184,0.5029,0.5345
near,linsvm,3,5,large,30,0.3333,0.8473,0.8307,0.8633,0.7489,0.7189,0.7783,0.5184,0.5029,0.5345
near,linsvm,3,5,medium,30,0.3333,0.8473,0.8307,0.8633,0.8183,0.7956,0.8422,0.5184,0.5029,0.5345
near,linsvm,3,5,oov_25,30,0.3333,0.8473,0.8307,0.8633,0.7606,0.7417,0.7806,0.5184,0.5029,0.5345
near,linsvm,3,5,oov_50,30,0.3333,0.8473,0.8307,0.8633,0.6844,0.6517,0.7161,0.5184,0.5029,0.5345
near,linsvm,3,5,small,30,0.3333,0.8473,0.8307,0.8633,0.8811,0.8567,0.905,0.5184,0.5029,0.5345
near,logreg,3,1,hard,30,0.3333,0.722,0.7002,0.7451,0.3372,0.3039,0.3717,0.1026,0.0972,0.1079
near,logreg,3,1,large,30,0.3333,0.722,0.7002,0.7451,0.5489,0.5033,0.5906,0.1026,0.0972,0.1079
near,logreg,3,1,medium,30,0.3333,0.722,0.7002,0.7451,0.6472,0.6094,0.6828,0.1026,0.0972,0.1079
near,logreg,3,1,oov_25,30,0.3333,0.722,0.7002,0.7451,0.5956,0.5572,0.6345,0.1026,0.0972,0.1079
near,logreg,3,1,oov_50,30,0.3333,0.722,0.7002,0.7451,0.5478,0.5133,0.58,0.1026,0.0972,0.1079
near,logreg,3,1,small,30,0.3333,0.722,0.7002,0.7451,0.7461,0.7089,0.78,0.1026,0.0972,0.1079
near,logreg,3,10,hard,30,0.3333,0.8784,0.864,0.8927,0.4656,0.4355,0.4972,0.523,0.5025,0.5434
near,logreg,3,10,large,30,0.3333,0.8784,0.864,0.8927,0.8133,0.7883,0.8389,0.523,0.5025,0.5434
near,logreg,3,10,medium,30,0.3333,0.8784,0.864,0.8927,0.8622,0.8411,0.8817,0.523,0.5025,0.5434
near,logreg,3,10,oov_25,30,0.3333,0.8784,0.864,0.8927,0.7906,0.7667,0.8145,0.523,0.5025,0.5434
near,logreg,3,10,oov_50,30,0.3333,0.8784,0.864,0.8927,0.7155,0.6917,0.74,0.523,0.5025,0.5434
near,logreg,3,10,small,30,0.3333,0.8784,0.864,0.8927,0.9233,0.905,0.9406,0.523,0.5025,0.5434
near,logreg,3,20,hard,30,0.3333,0.8718,0.8533,0.8907,0.4244,0.3889,0.4578,0.7155,0.6926,0.7395
near,logreg,3,20,large,30,0.3333,0.8718,0.8533,0.8907,0.8072,0.7761,0.84,0.7155,0.6926,0.7395
near,logreg,3,20,medium,30,0.3333,0.8718,0.8533,0.8907,0.8733,0.8461,0.9,0.7155,0.6926,0.7395
near,logreg,3,20,oov_25,30,0.3333,0.8718,0.8533,0.8907,0.7956,0.7628,0.8295,0.7155,0.6926,0.7395
near,logreg,3,20,oov_50,30,0.3333,0.8718,0.8533,0.8907,0.7283,0.6917,0.7628,0.7155,0.6926,0.7395
near,logreg,3,20,small,30,0.3333,0.8718,0.8533,0.8907,0.91,0.885,0.9333,0.7155,0.6926,0.7395
near,logreg,3,3,hard,30,0.3333,0.8276,0.81,0.8453,0.4,0.3755,0.4256,0.2324,0.2204,0.2436
near,logreg,3,3,large,30,0.3333,0.8276,0.81,0.8453,0.7317,0.6994,0.7661,0.2324,0.2204,0.2436
near,logreg,3,3,medium,30,0.3333,0.8276,0.81,0.8453,0.7967,0.7661,0.8278,0.2324,0.2204,0.2436
near,logreg,3,3,oov_25,30,0.3333,0.8276,0.81,0.8453,0.7439,0.7144,0.7739,0.2324,0.2204,0.2436
near,logreg,3,3,oov_50,30,0.3333,0.8276,0.81,0.8453,0.6611,0.6294,0.6895,0.2324,0.2204,0.2436
near,logreg,3,3,small,30,0.3333,0.8276,0.81,0.8453,0.8806,0.8578,0.9033,0.2324,0.2204,0.2436
near,logreg,3,5,hard,30,0.3333,0.8429,0.8269,0.8595,0.4478,0.4061,0.4872,0.3368,0.3259,0.348
near,logreg,3,5,large,30,0.3333,0.8429,0.8269,0.8595,0.7478,0.715,0.7806,0.3368,0.3259,0.348
near,logreg,3,5,medium,30,0.3333,0.8429,0.8269,0.8595,0.8094,0.7833,0.8339,0.3368,0.3259,0.348
near,logreg,3,5,oov_25,30,0.3333,0.8429,0.8269,0.8595,0.7628,0.7361,0.7872,0.3368,0.3259,0.348
near,logreg,3,5,oov_50,30,0.3333,0.8429,0.8269,0.8595,0.6972,0.6678,0.7283,0.3368,0.3259,0.348
near,logreg,3,5,small,30,0.3333,0.8429,0.8269,0.8595,0.875,0.8494,0.8989,0.3368,0.3259,0.348
near,random,3,1,hard,30,0.3333,0.3282,0.3144,0.3425,0.0917,0.075,0.1094,1.2134,1.1817,1.2431
near,random,3,1,large,30,0.3333,0.3282,0.3144,0.3425,0.0456,0.035,0.0567,1.2134,1.1817,1.2431
near,random,3,1,medium,30,0.3333,0.3282,0.3144,0.3425,0.1005,0.0878,0.1133,1.2134,1.1817,1.2431
near,random,3,1,oov_25,30,0.3333,0.3282,0.3144,0.3425,0.0839,0.0694,0.0995,1.2134,1.1817,1.2431
near,random,3,1,oov_50,30,0.3333,0.3282,0.3144,0.3425,0.0922,0.0767,0.1089,1.2134,1.1817,1.2431
near,random,3,1,small,30,0.3333,0.3282,0.3144,0.3425,0.1867,0.1656,0.2083,1.2134,1.1817,1.2431
near,random,3,10,hard,30,0.3333,0.3271,0.3111,0.3444,0.0956,0.0811,0.1111,1.211,1.1781,1.2459
near,random,3,10,large,30,0.3333,0.3271,0.3111,0.3444,0.0433,0.0333,0.0539,1.211,1.1781,1.2459
near,random,3,10,medium,30,0.3333,0.3271,0.3111,0.3444,0.0994,0.0806,0.1194,1.211,1.1781,1.2459
near,random,3,10,oov_25,30,0.3333,0.3271,0.3111,0.3444,0.0972,0.0817,0.1133,1.211,1.1781,1.2459
near,random,3,10,oov_50,30,0.3333,0.3271,0.3111,0.3444,0.1033,0.0872,0.1211,1.211,1.1781,1.2459
near,random,3,10,small,30,0.3333,0.3271,0.3111,0.3444,0.2139,0.1922,0.2367,1.211,1.1781,1.2459
near,random,3,20,hard,30,0.3333,0.3325,0.3202,0.3456,0.0939,0.08,0.1083,1.2294,1.2021,1.2604
near,random,3,20,large,30,0.3333,0.3325,0.3202,0.3456,0.0367,0.0272,0.0461,1.2294,1.2021,1.2604
near,random,3,20,medium,30,0.3333,0.3325,0.3202,0.3456,0.0983,0.0833,0.1122,1.2294,1.2021,1.2604
near,random,3,20,oov_25,30,0.3333,0.3325,0.3202,0.3456,0.0939,0.0767,0.1106,1.2294,1.2021,1.2604
near,random,3,20,oov_50,30,0.3333,0.3325,0.3202,0.3456,0.0989,0.0833,0.1139,1.2294,1.2021,1.2604
near,random,3,20,small,30,0.3333,0.3325,0.3202,0.3456,0.2022,0.1805,0.2222,1.2294,1.2021,1.2604
near,random,3,3,hard,30,0.3333,0.332,0.3182,0.3442,0.1061,0.09,0.125,1.2113,1.1809,1.2417
near,random,3,3,large,30,0.3333,0.332,0.3182,0.3442,0.0439,0.0361,0.0528,1.2113,1.1809,1.2417
near,random,3,3,medium,30,0.3333,0.332,0.3182,0.3442,0.0983,0.0839,0.1128,1.2113,1.1809,1.2417
near,random,3,3,oov_25,30,0.3333,0.332,0.3182,0.3442,0.1089,0.0944,0.1256,1.2113,1.1809,1.2417
near,random,3,3,oov_50,30,0.3333,0.332,0.3182,0.3442,0.1122,0.0967,0.1289,1.2113,1.1809,1.2417
near,random,3,3,small,30,0.3333,0.332,0.3182,0.3442,0.2033,0.1817,0.2261,1.2113,1.1809,1.2417
near,random,3,5,hard,30,0.3333,0.3329,0.3195,0.3462,0.0994,0.0845,0.115,1.1974,1.1698,1.2252
near,random,3,5,large,30,0.3333,0.3329,0.3195,0.3462,0.0422,0.0317,0.0539,1.1974,1.1698,1.2252
near,random,3,5,medium,30,0.3333,0.3329,0.3195,0.3462,0.1194,0.1022,0.1394,1.1974,1.1698,1.2252
near,random,3,5,oov_25,30,0.3333,0.3329,0.3195,0.3462,0.0944,0.0811,0.1094,1.1974,1.1698,1.2252
near,random,3,5,oov_50,30,0.3333,0.3329,0.3195,0.3462,0.095,0.08,0.1111,1.1974,1.1698,1.2252
near,random,3,5,small,30,0.3333,0.3329,0.3195,0.3462,0.2022,0.1839,0.2222,1.1974,1.1698,1.2252
