sub,concept_type,learner,ways,shots,n_episodes,chance,c1_mean,c1_ci_low,c1_ci_high,c2_mean,c2_ci_low,c2_ci_high,margin_mean,margin_ci_low,margin_ci_high,nmi_pred_category_mean,nmi_pred_category_ci_low,nmi_pred_category_ci_high
007a,native,centroid,3,1,30,0.3333,0.9118,0.8829,0.934,0.9156,0.885,0.9394,0.2061,0.1926,0.2172,0.7527,0.6968,0.7972
007a,native,exemplar_knn,3,1,30,0.3333,0.9118,0.8829,0.934,0.9156,0.885,0.9394,0.2061,0.1926,0.2172,0.7527,0.6968,0.7972
007a,native,kcentroid,3,1,30,0.3333,0.9118,0.8829,0.934,0.9156,0.885,0.9394,0.2061,0.1926,0.2172,0.7527,0.6968,0.7972
007a,native,linsvm,3,1,30,0.3333,0.9109,0.8813,0.9329,0.9694,0.9439,0.9872,0.2998,0.2815,0.3154,0.7492,0.6903,0.7954
007a,native,logreg,3,1,30,0.3333,0.9113,0.8822,0.9336,0.9728,0.9505,0.9883,0.1576,0.1476,0.1659,0.7503,0.6925,0.7967
007a,native,random,3,1,30,0.3333,0.3262,0.3106,0.3402,0.3283,0.3022,0.3522,1.1936,1.1637,1.2216,0.0105,0.0083,0.0133
007a,native,centroid,3,10,30,0.3333,0.9836,0.9791,0.9878,0.99,0.985,0.995,0.3296,0.3175,0.3395,0.9336,0.9165,0.9497
007a,native,exemplar_knn,3,10,30,0.3333,0.9789,0.9724,0.9849,0.9944,0.9906,0.9983,1.3667,1.3411,1.3906,0.9184,0.8975,0.9385
007a,native,kcentroid,3,10,30,0.3333,0.9827,0.978,0.9871,0.9889,0.9822,0.9944,0.3259,0.3134,0.3364,0.9294,0.9114,0.9466
007a,native,linsvm,3,10,30,0.3333,0.9844,0.9798,0.9887,1.0,1.0,1.0,1.1993,1.1703,1.2234,0.9365,0.9189,0.9528
007a,native,logreg,3,10,30,0.3333,0.9827,0.9776,0.9878,1.0,1.0,1.0,1.0063,0.9768,1.0315,0.9313,0.9123,0.9498
007a,native,random,3,10,30,0.3333,0.3356,0.3189,0.3498,0.3361,0.3094,0.3595,1.2385,1.2048,1.2706,0.0142,0.0113,0.0174
007a,native,centroid,3,20,30,0.3333,0.9887,0.984,0.9922,0.9883,0.9811,0.9944,0.3455,0.3341,0.3569,0.9533,0.9358,0.9673
007a,native,exemplar_knn,3,20,30,0.3333,0.9862,0.982,0.9902,0.9967,0.9939,0.9989,1.5286,1.5087,1.5483,0.9457,0.9303,0.9611
007a,native,kcentroid,3,20,30,0.3333,0.9864,0.9824,0.9902,0.99,0.9828,0.9961,0.3503,0.3375,0.3617,0.9458,0.9304,0.9601
007a,native,linsvm,3,20,30,0.3333,0.9891,0.9856,0.9922,0.9994,0.9983,1.0,1.4593,1.4378,1.4788,0.9552,0.9416,0.9676
007a,native,logreg,3,20,30,0.3333,0.9889,0.9847,0.9922,0.9994,0.9983,1.0,1.4814,1.4457,1.5121,0.9546,0.9392,0.968
007a,native,random,3,20,30,0.3333,0.3349,0.3211,0.3471,0.3311,0.3078,0.3522,1.2147,1.1814,1.2494,0.0139,0.0109,0.0171
007a,native,centroid,3,3,30,0.3333,0.9724,0.9633,0.9798,0.9711,0.96,0.9805,0.2792,0.2695,0.2883,0.8991,0.8707,0.9225
007a,native,exemplar_knn,3,3,30,0.3333,0.9667,0.9575,0.9747,0.9894,0.9811,0.9956,0.9643,0.9302,0.9947,0.8801,0.852,0.9052
007a,native,kcentroid,3,3,30,0.3333,0.968,0.9582,0.9767,0.97,0.9567,0.9811,0.266,0.2572,0.275,0.8854,0.8549,0.914
007a,native,linsvm,3,3,30,0.3333,0.9727,0.9649,0.9798,0.9933,0.985,0.9994,0.6791,0.6601,0.6984,0.8995,0.8746,0.9229
007a,native,logreg,3,3,30,0.3333,0.9707,0.9627,0.9782,0.9933,0.985,0.9994,0.42,0.4064,0.4334,0.8941,0.8691,0.9176
007a,native,random,3,3,30,0.3333,0.3273,0.3127,0.3416,0.3517,0.335,0.3689,1.2187,1.1835,1.2525,0.0118,0.009,0.015
007a,native,centroid,3,5,30,0.3333,0.9809,0.9751,0.9858,0.98,0.9689,0.9884,0.3012,0.2868,0.3139,0.9244,0.9037,0.9422
007a,native,exemplar_knn,3,5,30,0.3333,0.9729,0.9618,0.9824,0.9933,0.9894,0.9967,1.1676,1.1314,1.1998,0.9055,0.8738,0.9343
007a,native,kcentroid,3,5,30,0.3333,0.9784,0.9713,0.9842,0.975,0.9628,0.985,0.2931,0.2786,0.3058,0.9178,0.8949,0.9381
007a,native,linsvm,3,5,30,0.3333,0.9827,0.9778,0.9869,0.9983,0.9961,1.0,0.9108,0.8825,0.9385,0.9315,0.9143,0.9463
007a,native,logreg,3,5,30,0.3333,0.9809,0.9753,0.9858,0.9967,0.9939,0.9989,0.6273,0.601,0.651,0.9264,0.9077,0.9433
007a,native,random,3,5,30,0.3333,0.3322,0.3147,0.3496,0.3083,0.2839,0.3322,1.2285,1.2055,1.2529,0.0152,0.0113,0.0204
007a,native,centroid,5,1,30,0.2,0.8479,0.824,0.8705,0.8543,0.8307,0.8757,0.1693,0.1604,0.1786,0.7111,0.6851,0.7385
007a,native,exemplar_knn,5,1,30,0.2,0.8479,0.824,0.8705,0.8537,0.831,0.8743,0.1693,0.1604,0.1786,0.7111,0.6851,0.7385
007a,native,kcentroid,5,1,30,0.2,0.8479,0.824,0.8705,0.8543,0.8307,0.8757,0.1693,0.1604,0.1786,0.7111,0.6851,0.7385
007a,native,linsvm,5,1,30,0.2,0.8571,0.8329,0.8795,0.909,0.887,0.9273,0.2504,0.2382,0.263,0.7222,0.695,0.7518
007a,native,logreg,5,1,30,0.2,0.856,0.8319,0.8788,0.9017,0.8787,0.921,0.1422,0.135,0.1495,0.7211,0.6939,0.7505
007a,native,random,5,1,30,0.2,0.2039,0.1957,0.2119,0.212,0.1983,0.226,1.1043,1.0843,1.1262,0.0225,0.0205,0.0247
007a,native,centroid,5,10,30,0.2,0.9784,0.9745,0.9816,0.9783,0.973,0.9837,0.2979,0.2943,0.3017,0.94,0.9303,0.9479
007a,native,exemplar_knn,5,10,30,0.2,0.9701,0.9659,0.9735,0.9873,0.983,0.9913,1.3347,1.3237,1.3456,0.9192,0.9083,0.9275
007a,native,kcentroid,5,10,30,0.2,0.9743,0.9704,0.9775,0.971,0.965,0.977,0.2897,0.2846,0.2948,0.9293,0.9195,0.9375
007a,native,linsvm,5,10,30,0.2,0.9792,0.9757,0.9823,0.9947,0.9913,0.9977,1.1124,1.1014,1.1235,0.9417,0.9322,0.95
007a,native,logreg,5,10,30,0.2,0.9788,0.9749,0.9821,0.994,0.991,0.9967,1.0401,1.0296,1.0515,0.941,0.9307,0.9497
007a,native,random,5,10,30,0.2,0.2028,0.1939,0.2113,0.201,0.1857,0.2177,1.1174,1.096,1.1383,0.0214,0.0188,0.024
007a,native,centroid,5,20,30,0.2,0.9805,0.9772,0.9839,0.9777,0.973,0.9823,0.313,0.3102,0.3158,0.9455,0.9366,0.9545
007a,native,exemplar_knn,5,20,30,0.2,0.9737,0.97,0.9775,0.9903,0.9867,0.9933,1.4874,1.4792,1.4966,0.9284,0.9183,0.9382
007a,native,kcentroid,5,20,30,0.2,0.9781,0.9737,0.9825,0.9783,0.9713,0.985,0.3137,0.3093,0.3179,0.94,0.9286,0.9515
007a,native,linsvm,5,20,30,0.2,0.9819,0.9783,0.9855,0.9957,0.9927,0.9983,1.3721,1.3615,1.3822,0.9489,0.9394,0.9587
007a,native,logreg,5,20,30,0.2,0.9808,0.9779,0.984,0.995,0.992,0.9977,1.5456,1.535,1.5567,0.9451,0.9373,0.9539
007a,native,random,5,20,30,0.2,0.2,0.1911,0.2088,0.199,0.1863,0.2123,1.1097,1.0826,1.1409,0.0192,0.0173,0.0215
007a,native,centroid,5,3,30,0.2,0.9536,0.9471,0.9613,0.9503,0.9403,0.962,0.2406,0.2349,0.2464,0.8862,0.8721,0.9023
007a,native,exemplar_knn,5,3,30,0.2,0.9416,0.936,0.9472,0.977,0.969,0.9843,0.8383,0.8099,0.8677,0.8593,0.8481,0.8712
007a,native,kcentroid,5,3,30,0.2,0.9393,0.9328,0.9455,0.938,0.924,0.9503,0.2288,0.2236,0.2341,0.8556,0.8433,0.8677
007a,native,linsvm,5,3,30,0.2,0.9548,0.9489,0.9613,0.982,0.9747,0.9883,0.599,0.5877,0.6114,0.8883,0.8761,0.9023
007a,native,logreg,5,3,30,0.2,0.9549,0.9483,0.9625,0.9813,0.9753,0.9873,0.4041,0.3943,0.4144,0.8889,0.8751,0.9046
007a,native,random,5,3,30,0.2,0.2025,0.1937,0.2133,0.1937,0.1797,0.2083,1.0952,1.0707,1.1198,0.0207,0.0183,0.0232
007a,native,centroid,5,5,30,0.2,0.9689,0.9637,0.9737,0.9637,0.957,0.97,0.2669,0.2613,0.2721,0.9184,0.9077,0.9283
007a,native,exemplar_knn,5,5,30,0.2,0.9593,0.9548,0.9636,0.9863,0.9813,0.9913,1.1085,1.0907,1.1263,0.8953,0.8866,0.9038
007a,native,kcentroid,5,5,30,0.2,0.962,0.9552,0.9684,0.9563,0.9467,0.9653,0.2578,0.2517,0.2639,0.9036,0.8898,0.917
007a,native,linsvm,5,5,30,0.2,0.9713,0.9661,0.9763,0.9923,0.9897,0.995,0.818,0.8047,0.8311,0.9231,0.9119,0.9344
007a,native,logreg,5,5,30,0.2,0.9703,0.9644,0.9755,0.9917,0.988,0.995,0.6239,0.6125,0.6346,0.9219,0.9104,0.9334
007a,native,random,5,5,30,0.2,0.1968,0.1877,0.2063,0.199,0.183,0.2143,1.1026,1.0822,1.122,0.0225,0.02,0.0252
007b,disjunctive,centroid,3,1,30,0.3333,0.5227,0.5013,0.5434,0.5161,0.4922,0.5406,0.1108,0.1029,0.1196,0.3133,0.276,0.3548
007b,disjunctive,exemplar_knn_k1,3,1,30,0.3333,0.5227,0.5013,0.5434,0.5578,0.5283,0.5861,0.2506,0.2408,0.2617,0.3133,0.276,0.3548
007b,disjunctive,exemplar_knn_k3,3,1,30,0.3333,0.5227,0.5013,0.5434,0.5161,0.4922,0.5406,0.1108,0.1029,0.1196,0.3133,0.276,0.3548
007b,disjunctive,exemplar_knn_k5,3,1,30,0.3333,0.5227,0.5013,0.5434,0.5161,0.4922,0.5406,0.1108,0.1029,0.1196,0.3133,0.276,0.3548
007b,disjunctive,kcentroid_k1,3,1,30,0.3333,0.5227,0.5013,0.5434,0.5161,0.4922,0.5406,0.1108,0.1029,0.1196,0.3133,0.276,0.3548
007b,disjunctive,kcentroid_k2,3,1,30,0.3333,0.5227,0.5013,0.5434,0.5161,0.4922,0.5406,0.1108,0.1029,0.1196,0.3133,0.276,0.3548
007b,disjunctive,kcentroid_k3,3,1,30,0.3333,0.5227,0.5013,0.5434,0.5161,0.4922,0.5406,0.1108,0.1029,0.1196,0.3133,0.276,0.3548
007b,disjunctive,linsvm,3,1,30,0.3333,0.5247,0.5015,0.5462,0.5839,0.5517,0.6145,0.1659,0.1549,0.178,0.3217,0.2862,0.3624
007b,disjunctive,logreg,3,1,30,0.3333,0.5244,0.5,0.5467,0.5855,0.5533,0.6139,0.0864,0.0808,0.0928,0.3207,0.2848,0.3619
007b,disjunctive,random,3,1,30,0.3333,0.3275,0.3144,0.3402,0.3178,0.2928,0.34,1.2173,1.1857,1.2462,0.0244,0.0206,0.0287
007b,disjunctive,centroid,3,10,30,0.3333,0.5049,0.4829,0.5276,0.5006,0.47,0.53,0.1504,0.1408,0.1597,0.4347,0.4075,0.4589
007b,disjunctive,exemplar_knn_k1,3,10,30,0.3333,0.5164,0.4926,0.5415,0.5539,0.5233,0.5817,0.36,0.3545,0.3654,0.3888,0.364,0.4123
007b,disjunctive,exemplar_knn_k3,3,10,30,0.3333,0.5047,0.4811,0.5293,0.5628,0.5305,0.5967,0.742,0.7101,0.7742,0.3984,0.3732,0.4225
007b,disjunctive,exemplar_knn_k5,3,10,30,0.3333,0.5007,0.4807,0.5229,0.5672,0.5372,0.5995,1.0315,0.9825,1.0805,0.3985,0.3707,0.4243
007b,disjunctive,kcentroid_k1,3,10,30,0.3333,0.5049,0.4829,0.5276,0.5006,0.47,0.53,0.1504,0.1408,0.1597,0.4347,0.4075,0.4589
007b,disjunctive,kcentroid_k2,3,10,30,0.3333,0.5064,0.4853,0.5296,0.5072,0.4766,0.5389,0.1483,0.1384,0.1576,0.4072,0.3793,0.4326
007b,disjunctive,kcentroid_k3,3,10,30,0.3333,0.5067,0.4827,0.5333,0.5094,0.4778,0.5411,0.1475,0.1386,0.1559,0.4065,0.3787,0.4313
007b,disjunctive,linsvm,3,10,30,0.3333,0.5144,0.4915,0.5393,0.5828,0.5505,0.6195,0.6402,0.6085,0.6718,0.4779,0.4482,0.5042
007b,disjunctive,logreg,3,10,30,0.3333,0.5178,0.4949,0.5411,0.5822,0.5489,0.62,0.5148,0.4862,0.5439,0.4836,0.456,0.5091
007b,disjunctive,random,3,10,30,0.3333,0.3171,0.3042,0.33,0.315,0.2894,0.3422,1.2177,1.1819,1.2527,0.024,0.0203,0.0279
007b,disjunctive,centroid,3,20,30,0.3333,0.4271,0.4015,0.4542,0.4322,0.4083,0.4567,0.1229,0.1126,0.133,0.4049,0.3667,0.4397
007b,disjunctive,exemplar_knn_k1,3,20,30,0.3333,0.4249,0.4009,0.4518,0.4795,0.4467,0.5106,0.366,0.3566,0.3751,0.3816,0.3381,0.4223
007b,disjunctive,exemplar_knn_k3,3,20,30,0.3333,0.4118,0.388,0.4382,0.4883,0.4583,0.5206,0.7574,0.7092,0.8017,0.3915,0.3484,0.4305
007b,disjunctive,exemplar_knn_k5,3,20,30,0.3333,0.4127,0.386,0.4407,0.4855,0.4567,0.5161,1.0887,1.0115,1.1616,0.3933,0.3481,0.4337
007b,disjunctive,kcentroid_k1,3,20,30,0.3333,0.4271,0.4015,0.4542,0.4322,0.4083,0.4567,0.1229,0.1126,0.133,0.4049,0.3667,0.4397
007b,disjunctive,kcentroid_k2,3,20,30,0.3333,0.4238,0.3978,0.4484,0.4333,0.4094,0.4572,0.1261,0.1153,0.1364,0.393,0.3512,0.4306
007b,disjunctive,kcentroid_k3,3,20,30,0.3333,0.424,0.3973,0.4505,0.4383,0.4144,0.4634,0.1276,0.1174,0.1377,0.3852,0.343,0.4229
007b,disjunctive,linsvm,3,20,30,0.3333,0.434,0.4062,0.4602,0.5028,0.4672,0.5361,0.6654,0.6308,0.6989,0.4361,0.395,0.4742
007b,disjunctive,logreg,3,20,30,0.3333,0.44,0.4125,0.4667,0.5056,0.4728,0.5383,0.6229,0.5805,0.6638,0.4334,0.3967,0.4683
007b,disjunctive,random,3,20,30,0.3333,0.3376,0.3207,0.3547,0.32,0.2967,0.3445,1.2084,1.1835,1.2356,0.0245,0.0209,0.028
007b,disjunctive,centroid,3,3,30,0.3333,0.5456,0.5273,0.5642,0.555,0.5266,0.5844,0.1349,0.1265,0.1435,0.3799,0.35,0.4069
007b,disjunctive,exemplar_knn_k1,3,3,30,0.3333,0.5371,0.518,0.5567,0.59,0.5678,0.6139,0.3179,0.31,0.326,0.3547,0.3241,0.3833
007b,disjunctive,exemplar_knn_k3,3,3,30,0.3333,0.5389,0.5231,0.5551,0.6033,0.5744,0.6344,0.4743,0.4472,0.5017,0.359,0.3303,0.3854
007b,disjunctive,exemplar_knn_k5,3,3,30,0.3333,0.5405,0.5211,0.5593,0.5694,0.5444,0.5972,0.393,0.3708,0.4159,0.3731,0.3459,0.3995
007b,disjunctive,kcentroid_k1,3,3,30,0.3333,0.5456,0.5273,0.5642,0.555,0.5266,0.5844,0.1349,0.1265,0.1435,0.3799,0.35,0.4069
007b,disjunctive,kcentroid_k2,3,3,30,0.3333,0.5442,0.5251,0.5633,0.5483,0.5244,0.5739,0.1309,0.122,0.1399,0.3688,0.3401,0.3962
007b,disjunctive,kcentroid_k3,3,3,30,0.3333,0.5371,0.518,0.5567,0.5478,0.5211,0.5761,0.1259,0.118,0.1341,0.3547,0.3241,0.3833
007b,disjunctive,linsvm,3,3,30,0.3333,0.5456,0.5287,0.5629,0.6433,0.6166,0.6717,0.3534,0.3343,0.3731,0.3988,0.3663,0.4325
007b,disjunctive,logreg,3,3,30,0.3333,0.5496,0.5322,0.5653,0.6322,0.605,0.6622,0.2103,0.1976,0.2238,0.397,0.3637,0.4312
007b,disjunctive,random,3,3,30,0.3333,0.3247,0.3111,0.3355,0.3239,0.3006,0.3461,1.2125,1.1728,1.2508,0.0241,0.0193,0.0292
007b,disjunctive,centroid,3,5,30,0.3333,0.5289,0.5067,0.5522,0.5344,0.5116,0.5545,0.1485,0.1369,0.1598,0.4263,0.3932,0.4617
007b,disjunctive,exemplar_knn_k1,3,5,30,0.3333,0.5229,0.5018,0.5433,0.5733,0.5478,0.5978,0.3447,0.3348,0.3557,0.4025,0.3656,0.4369
007b,disjunctive,exemplar_knn_k3,3,5,30,0.3333,0.5238,0.504,0.5438,0.5822,0.5533,0.6111,0.6363,0.594,0.6799,0.3987,0.3632,0.4347
007b,disjunctive,exemplar_knn_k5,3,5,30,0.3333,0.5204,0.4991,0.5409,0.57,0.5455,0.5944,0.7578,0.6939,0.8235,0.3983,0.3635,0.436
007b,disjunctive,kcentroid_k1,3,5,30,0.3333,0.5289,0.5067,0.5522,0.5344,0.5116,0.5545,0.1485,0.1369,0.1598,0.4263,0.3932,0.4617
007b,disjunctive,kcentroid_k2,3,5,30,0.3333,0.5256,0.5049,0.5462,0.5256,0.5044,0.5478,0.1458,0.1351,0.1568,0.4175,0.3836,0.4532
007b,disjunctive,kcentroid_k3,3,5,30,0.3333,0.5227,0.5018,0.5433,0.5317,0.5116,0.5528,0.1422,0.1315,0.1529,0.4076,0.3754,0.4416
007b,disjunctive,linsvm,3,5,30,0.3333,0.5475,0.526,0.57,0.62,0.5994,0.6428,0.4908,0.4614,0.5206,0.4645,0.4322,0.4969
007b,disjunctive,logreg,3,5,30,0.3333,0.5507,0.5284,0.5751,0.6133,0.5922,0.635,0.3297,0.3069,0.3528,0.4657,0.4328,0.4966
007b,disjunctive,random,3,5,30,0.3333,0.336,0.3227,0.3489,0.32,0.2978,0.3439,1.2208,1.1837,1.2567,0.0249,0.0203,0.0301
007b,disjunctive,centroid,5,1,30,0.2,0.4513,0.4391,0.4641,0.4613,0.4373,0.4847,0.1051,0.1002,0.1103,0.3737,0.3564,0.3939
007b,disjunctive,exemplar_knn_k1,5,1,30,0.2,0.4513,0.4391,0.4641,0.4633,0.4407,0.4877,0.279,0.272,0.2863,0.3737,0.3564,0.3939
007b,disjunctive,exemplar_knn_k3,5,1,30,0.2,0.4513,0.4391,0.4641,0.466,0.441,0.4907,0.1051,0.1002,0.1103,0.3737,0.3564,0.3939
007b,disjunctive,exemplar_knn_k5,5,1,30,0.2,0.4513,0.4391,0.4641,0.4613,0.4373,0.4847,0.1051,0.1002,0.1103,0.3737,0.3564,0.3939
007b,disjunctive,kcentroid_k1,5,1,30,0.2,0.4513,0.4391,0.4641,0.4613,0.4373,0.4847,0.1051,0.1002,0.1103,0.3737,0.3564,0.3939
007b,disjunctive,kcentroid_k2,5,1,30,0.2,0.4513,0.4391,0.4641,0.4613,0.4373,0.4847,0.1051,0.1002,0.1103,0.3737,0.3564,0.3939
007b,disjunctive,kcentroid_k3,5,1,30,0.2,0.4513,0.4391,0.4641,0.4613,0.4373,0.4847,0.1051,0.1002,0.1103,0.3737,0.3564,0.3939
007b,disjunctive,linsvm,5,1,30,0.2,0.4505,0.4387,0.464,0.4933,0.4683,0.5183,0.1572,0.1499,0.165,0.3782,0.3595,0.3986
007b,disjunctive,logreg,5,1,30,0.2,0.4513,0.4395,0.4647,0.4903,0.4673,0.5143,0.0881,0.084,0.0924,0.3795,0.3614,0.4004
007b,disjunctive,random,5,1,30,0.2,0.2028,0.1937,0.2125,0.204,0.1883,0.2197,1.1093,1.0839,1.1348,0.0405,0.038,0.0432
007b,disjunctive,centroid,5,10,30,0.2,0.4289,0.4173,0.4409,0.417,0.395,0.4383,0.1319,0.1267,0.1365,0.502,0.4832,0.5174
007b,disjunctive,exemplar_knn_k1,5,10,30,0.2,0.4204,0.4091,0.4325,0.4543,0.4353,0.4757,0.3873,0.3828,0.3913,0.4688,0.4532,0.4846
007b,disjunctive,exemplar_knn_k3,5,10,30,0.2,0.4189,0.4088,0.4303,0.4577,0.4366,0.4787,0.7308,0.7092,0.7513,0.4824,0.466,0.4989
007b,disjunctive,exemplar_knn_k5,5,10,30,0.2,0.4149,0.4039,0.4273,0.4587,0.4363,0.4807,1.0108,0.979,1.0404,0.4869,0.4704,0.503
007b,disjunctive,kcentroid_k1,5,10,30,0.2,0.4289,0.4173,0.4409,0.417,0.395,0.4383,0.1319,0.1267,0.1365,0.502,0.4832,0.5174
007b,disjunctive,kcentroid_k2,5,10,30,0.2,0.4259,0.4144,0.4381,0.4243,0.402,0.446,0.133,0.1279,0.1379,0.4879,0.4728,0.5039
007b,disjunctive,kcentroid_k3,5,10,30,0.2,0.4247,0.4109,0.4397,0.418,0.3967,0.4397,0.1321,0.127,0.1366,0.4778,0.4639,0.4918
007b,disjunctive,linsvm,5,10,30,0.2,0.442,0.432,0.4529,0.466,0.4443,0.4907,0.5521,0.5316,0.5722,0.5142,0.4933,0.5317
007b,disjunctive,logreg,5,10,30,0.2,0.4464,0.4367,0.4564,0.4543,0.4326,0.477,0.4805,0.4609,0.4989,0.5154,0.4935,0.5339
007b,disjunctive,random,5,10,30,0.2,0.2001,0.1911,0.2097,0.209,0.1963,0.2234,1.1137,1.09,1.1381,0.0395,0.0367,0.0426
007b,disjunctive,centroid,5,20,30,0.2,0.356,0.3452,0.3664,0.3407,0.326,0.3567,0.1183,0.111,0.1247,0.4807,0.4562,0.5033
007b,disjunctive,exemplar_knn_k1,5,20,30,0.2,0.3516,0.3411,0.3628,0.3797,0.363,0.3987,0.3942,0.388,0.3999,0.4473,0.4206,0.4704
007b,disjunctive,exemplar_knn_k3,5,20,30,0.2,0.3496,0.3383,0.3619,0.382,0.3646,0.403,0.751,0.7211,0.7784,0.4622,0.4339,0.4864
007b,disjunctive,exemplar_knn_k5,5,20,30,0.2,0.3469,0.3353,0.3604,0.3807,0.3623,0.4003,1.0795,1.0312,1.1236,0.4702,0.4446,0.4926
007b,disjunctive,kcentroid_k1,5,20,30,0.2,0.356,0.3452,0.3664,0.3407,0.326,0.3567,0.1183,0.111,0.1247,0.4807,0.4562,0.5033
007b,disjunctive,kcentroid_k2,5,20,30,0.2,0.358,0.3472,0.37,0.3497,0.3353,0.3657,0.1199,0.1129,0.1265,0.4639,0.439,0.486
007b,disjunctive,kcentroid_k3,5,20,30,0.2,0.3521,0.3401,0.3652,0.3433,0.3273,0.3613,0.1199,0.1133,0.1263,0.456,0.4325,0.4787
007b,disjunctive,linsvm,5,20,30,0.2,0.3732,0.3616,0.3848,0.3837,0.364,0.406,0.6138,0.5838,0.6401,0.4896,0.4631,0.5135
007b,disjunctive,logreg,5,20,30,0.2,0.3813,0.3691,0.3936,0.3657,0.3463,0.388,0.6394,0.6022,0.6738,0.4996,0.4754,0.5216
007b,disjunctive,random,5,20,30,0.2,0.2041,0.1953,0.2136,0.199,0.1837,0.2147,1.1062,1.0749,1.1379,0.0422,0.039,0.0455
007b,disjunctive,centroid,5,3,30,0.2,0.48,0.4681,0.492,0.467,0.447,0.487,0.1234,0.1182,0.1286,0.4668,0.45,0.4848
007b,disjunctive,exemplar_knn_k1,5,3,30,0.2,0.4724,0.4601,0.4861,0.4917,0.47,0.5147,0.3406,0.3351,0.3466,0.441,0.4232,0.4584
007b,disjunctive,exemplar_knn_k3,5,3,30,0.2,0.4676,0.4559,0.4807,0.498,0.476,0.521,0.4429,0.4231,0.4642,0.445,0.4281,0.4615
007b,disjunctive,exemplar_knn_k5,5,3,30,0.2,0.4689,0.4565,0.4809,0.4877,0.4647,0.511,0.3987,0.3836,0.4142,0.4471,0.4296,0.4667
007b,disjunctive,kcentroid_k1,5,3,30,0.2,0.48,0.4681,0.492,0.467,0.447,0.487,0.1234,0.1182,0.1286,0.4668,0.45,0.4848
007b,disjunctive,kcentroid_k2,5,3,30,0.2,0.476,0.4649,0.4884,0.4653,0.4433,0.4883,0.1218,0.1163,0.1272,0.4524,0.4332,0.471
007b,disjunctive,kcentroid_k3,5,3,30,0.2,0.4724,0.4601,0.4861,0.463,0.442,0.4853,0.1174,0.1121,0.1224,0.441,0.4232,0.4584
007b,disjunctive,linsvm,5,3,30,0.2,0.4843,0.472,0.4975,0.5307,0.5093,0.5523,0.3241,0.3118,0.3365,0.4798,0.464,0.4976
007b,disjunctive,logreg,5,3,30,0.2,0.4877,0.4761,0.5,0.5217,0.4997,0.5437,0.211,0.2024,0.2204,0.4798,0.4633,0.4976
007b,disjunctive,random,5,3,30,0.2,0.1988,0.1891,0.2076,0.205,0.1863,0.2247,1.1011,1.0725,1.1289,0.0407,0.0371,0.0446
007b,disjunctive,centroid,5,5,30,0.2,0.4592,0.4512,0.4675,0.47,0.451,0.4893,0.1332,0.1271,0.1387,0.4938,0.4718,0.5141
007b,disjunctive,exemplar_knn_k1,5,5,30,0.2,0.4655,0.4552,0.4756,0.4927,0.4703,0.5187,0.363,0.3584,0.3678,0.4632,0.4372,0.4861
007b,disjunctive,exemplar_knn_k3,5,5,30,0.2,0.4591,0.4503,0.4681,0.5187,0.495,0.543,0.6123,0.591,0.6328,0.472,0.4477,0.4944
007b,disjunctive,exemplar_knn_k5,5,5,30,0.2,0.4564,0.4473,0.4664,0.5157,0.493,0.5383,0.7211,0.6891,0.7499,0.4789,0.4552,0.5029
007b,disjunctive,kcentroid_k1,5,5,30,0.2,0.4592,0.4512,0.4675,0.47,0.451,0.4893,0.1332,0.1271,0.1387,0.4938,0.4718,0.5141
007b,disjunctive,kcentroid_k2,5,5,30,0.2,0.4672,0.4579,0.4765,0.473,0.452,0.494,0.131,0.1257,0.1361,0.4801,0.4562,0.5045
007b,disjunctive,kcentroid_k3,5,5,30,0.2,0.4637,0.4529,0.4741,0.474,0.4523,0.4967,0.1282,0.1225,0.1336,0.4678,0.4443,0.4893
007b,disjunctive,linsvm,5,5,30,0.2,0.4692,0.4604,0.4775,0.5263,0.5037,0.5503,0.4307,0.4148,0.4457,0.5039,0.4818,0.5247
007b,disjunctive,logreg,5,5,30,0.2,0.4739,0.4649,0.4832,0.5147,0.494,0.536,0.3159,0.3028,0.3275,0.5059,0.4845,0.526
007b,disjunctive,random,5,5,30,0.2,0.1957,0.1867,0.2048,0.1877,0.1727,0.2043,1.095,1.0753,1.1143,0.0386,0.0353,0.0422
007b,native,centroid,3,1,30,0.3333,0.8451,0.8096,0.8796,0.835,0.7922,0.8722,0.1792,0.1629,0.1941,0.6364,0.5756,0.6936
007b,native,exemplar_knn_k1,3,1,30,0.3333,0.8451,0.8096,0.8796,0.8555,0.8189,0.89,0.3399,0.3235,0.3561,0.6364,0.5756,0.6936
007b,native,exemplar_knn_k3,3,1,30,0.3333,0.8451,0.8096,0.8796,0.835,0.7922,0.8722,0.1792,0.1629,0.1941,0.6364,0.5756,0.6936
007b,native,exemplar_knn_k5,3,1,30,0.3333,0.8451,0.8096,0.8796,0.835,0.7922,0.8722,0.1792,0.1629,0.1941,0.6364,0.5756,0.6936
007b,native,kcentroid_k1,3,1,30,0.3333,0.8451,0.8096,0.8796,0.835,0.7922,0.8722,0.1792,0.1629,0.1941,0.6364,0.5756,0.6936
007b,native,kcentroid_k2,3,1,30,0.3333,0.8451,0.8096,0.8796,0.835,0.7922,0.8722,0.1792,0.1629,0.1941,0.6364,0.5756,0.6936
007b,native,kcentroid_k3,3,1,30,0.3333,0.8451,0.8096,0.8796,0.835,0.7922,0.8722,0.1792,0.1629,0.1941,0.6364,0.5756,0.6936
007b,native,linsvm,3,1,30,0.3333,0.8449,0.8107,0.8767,0.9133,0.8828,0.9406,0.2657,0.2427,0.2871,0.6263,0.5675,0.6814
007b,native,logreg,3,1,30,0.3333,0.8444,0.8107,0.876,0.9139,0.885,0.94,0.1381,0.126,0.1495,0.6258,0.5664,0.6809
007b,native,random,3,1,30,0.3333,0.3253,0.3095,0.34,0.3172,0.2995,0.3333,1.223,1.197,1.2506,0.0113,0.0091,0.0134
007b,native,centroid,3,10,30,0.3333,0.9656,0.9511,0.9771,0.9544,0.9339,0.9717,0.2747,0.2576,0.2895,0.8904,0.857,0.9206
007b,native,exemplar_knn_k1,3,10,30,0.3333,0.9522,0.9387,0.964,0.9622,0.945,0.9767,0.4954,0.4856,0.5036,0.8518,0.8183,0.8826
007b,native,exemplar_knn_k3,3,10,30,0.3333,0.9542,0.9387,0.968,0.9855,0.9761,0.9933,1.2319,1.1913,1.2701,0.8624,0.8245,0.8969
007b,native,exemplar_knn_k5,3,10,30,0.3333,0.9533,0.9376,0.9682,0.9905,0.9833,0.9961,1.8048,1.7284,1.8765,0.861,0.8234,0.8971
007b,native,kcentroid_k1,3,10,30,0.3333,0.9656,0.9511,0.9771,0.9544,0.9339,0.9717,0.2747,0.2576,0.2895,0.8904,0.857,0.9206
007b,native,kcentroid_k2,3,10,30,0.3333,0.9587,0.9449,0.9704,0.9583,0.9389,0.9744,0.274,0.2576,0.288,0.8709,0.8368,0.9026
007b,native,kcentroid_k3,3,10,30,0.3333,0.9593,0.946,0.9718,0.9583,0.9389,0.9745,0.2693,0.2529,0.2826,0.8734,0.8394,0.9055
007b,native,linsvm,3,10,30,0.3333,0.9709,0.96,0.98,0.995,0.9883,0.9989,1.0852,1.0468,1.1216,0.9024,0.8749,0.928
007b,native,logreg,3,10,30,0.3333,0.9718,0.9607,0.9804,0.995,0.9878,0.9994,0.8618,0.8181,0.9032,0.9043,0.8771,0.9283
007b,native,random,3,10,30,0.3333,0.3367,0.3211,0.3538,0.325,0.2989,0.35,1.2108,1.1815,1.2392,0.0144,0.0112,0.0179
007b,native,centroid,3,20,30,0.3333,0.9742,0.9626,0.9833,0.9606,0.9483,0.9717,0.2829,0.2669,0.2981,0.9112,0.8806,0.9353
007b,native,exemplar_knn_k1,3,20,30,0.3333,0.9611,0.9529,0.9687,0.9656,0.9533,0.9756,0.5308,0.522,0.539,0.8662,0.8398,0.8896
007b,native,exemplar_knn_k3,3,20,30,0.3333,0.9687,0.9602,0.9762,0.9905,0.9856,0.9944,1.3826,1.3415,1.4183,0.8893,0.8638,0.9118
007b,native,exemplar_knn_k5,3,20,30,0.3333,0.9684,0.9573,0.9773,0.9961,0.9933,0.9983,2.1187,2.0424,2.1864,0.8915,0.8606,0.9165
007b,native,kcentroid_k1,3,20,30,0.3333,0.9742,0.9626,0.9833,0.9606,0.9483,0.9717,0.2829,0.2669,0.2981,0.9112,0.8806,0.9353
007b,native,kcentroid_k2,3,20,30,0.3333,0.974,0.9662,0.9804,0.9633,0.9511,0.9734,0.2904,0.2754,0.3038,0.9059,0.882,0.9263
007b,native,kcentroid_k3,3,20,30,0.3333,0.9738,0.9664,0.98,0.9594,0.945,0.9711,0.2895,0.2746,0.3028,0.9057,0.8813,0.9266
007b,native,linsvm,3,20,30,0.3333,0.9838,0.9787,0.9884,0.9983,0.9956,1.0,1.3325,1.2929,1.3698,0.9348,0.9152,0.9528
007b,native,logreg,3,20,30,0.3333,0.9811,0.9747,0.9869,0.9961,0.9922,0.9994,1.2746,1.2182,1.327,0.9266,0.904,0.9477
007b,native,random,3,20,30,0.3333,0.3411,0.3264,0.3571,0.3444,0.3194,0.3706,1.2014,1.1725,1.2255,0.0133,0.0104,0.0163
007b,native,centroid,3,3,30,0.3333,0.9324,0.9127,0.9489,0.9311,0.9106,0.9506,0.2307,0.2167,0.2444,0.8044,0.7597,0.8453
007b,native,exemplar_knn_k1,3,3,30,0.3333,0.9227,0.9049,0.9378,0.9422,0.925,0.9572,0.4205,0.4088,0.4305,0.7801,0.7359,0.819
007b,native,exemplar_knn_k3,3,3,30,0.3333,0.9169,0.8944,0.9356,0.9667,0.9494,0.98,0.7962,0.7467,0.8404,0.7714,0.7222,0.8127
007b,native,exemplar_knn_k5,3,3,30,0.3333,0.918,0.8976,0.9373,0.9561,0.9389,0.9706,0.6432,0.6055,0.677,0.7786,0.7365,0.8208
007b,native,kcentroid_k1,3,3,30,0.3333,0.9324,0.9127,0.9489,0.9311,0.9106,0.9506,0.2307,0.2167,0.2444,0.8044,0.7597,0.8453
007b,native,kcentroid_k2,3,3,30,0.3333,0.9264,0.9089,0.9409,0.9328,0.9111,0.9528,0.2241,0.2106,0.2368,0.7848,0.7419,0.8227
007b,native,kcentroid_k3,3,3,30,0.3333,0.9227,0.9049,0.9378,0.9272,0.9039,0.9472,0.2133,0.1999,0.2255,0.7801,0.7359,0.819
007b,native,linsvm,3,3,30,0.3333,0.9424,0.9253,0.956,0.9844,0.9756,0.9917,0.5884,0.5575,0.6158,0.8249,0.7825,0.8597
007b,native,logreg,3,3,30,0.3333,0.9438,0.9258,0.958,0.9844,0.9756,0.9917,0.3522,0.3308,0.3714,0.8296,0.7864,0.8644
007b,native,random,3,3,30,0.3333,0.33,0.3153,0.3467,0.3306,0.3056,0.3572,1.187,1.1584,1.2182,0.0106,0.008,0.0138
007b,native,centroid,3,5,30,0.3333,0.9429,0.922,0.9596,0.93,0.9005,0.955,0.244,0.2265,0.2589,0.8317,0.7816,0.8732
007b,native,exemplar_knn_k1,3,5,30,0.3333,0.9336,0.9173,0.9493,0.9478,0.9256,0.9645,0.4526,0.4416,0.4627,0.8027,0.7585,0.8449
007b,native,exemplar_knn_k3,3,5,30,0.3333,0.9316,0.9116,0.9493,0.9767,0.9605,0.9894,1.0084,0.9539,1.0559,0.806,0.7596,0.8499
007b,native,exemplar_knn_k5,3,5,30,0.3333,0.9262,0.9051,0.9456,0.9706,0.955,0.9833,1.2428,1.1614,1.3154,0.7965,0.7513,0.8406
007b,native,kcentroid_k1,3,5,30,0.3333,0.9429,0.922,0.9596,0.93,0.9005,0.955,0.244,0.2265,0.2589,0.8317,0.7816,0.8732
007b,native,kcentroid_k2,3,5,30,0.3333,0.9378,0.9202,0.9533,0.9295,0.9006,0.955,0.2404,0.2237,0.2555,0.8164,0.7718,0.8561
007b,native,kcentroid_k3,3,5,30,0.3333,0.9349,0.9175,0.9507,0.9272,0.9,0.9511,0.2355,0.2195,0.2496,0.8064,0.7645,0.8467
007b,native,linsvm,3,5,30,0.3333,0.9498,0.9293,0.9662,0.9883,0.9778,0.9956,0.7768,0.7315,0.8161,0.8433,0.7952,0.8854
007b,native,logreg,3,5,30,0.3333,0.9491,0.9287,0.966,0.9894,0.9811,0.9956,0.5139,0.4807,0.5428,0.8435,0.7948,0.8852
007b,native,random,3,5,30,0.3333,0.3393,0.3251,0.3538,0.33,0.3028,0.3539,1.1906,1.1626,1.2172,0.0155,0.0116,0.0197
007b,native,centroid,5,1,30,0.2,0.7557,0.7249,0.7875,0.7633,0.733,0.7954,0.1416,0.133,0.1509,0.5854,0.5477,0.6224
007b,native,exemplar_knn_k1,5,1,30,0.2,0.7557,0.7249,0.7875,0.7603,0.727,0.795,0.3307,0.3204,0.3407,0.5854,0.5477,0.6224
007b,native,exemplar_knn_k3,5,1,30,0.2,0.7557,0.7249,0.7875,0.77,0.7403,0.8023,0.1416,0.133,0.1509,0.5854,0.5477,0.6224
007b,native,exemplar_knn_k5,5,1,30,0.2,0.7557,0.7249,0.7875,0.7633,0.733,0.7954,0.1416,0.133,0.1509,0.5854,0.5477,0.6224
007b,native,kcentroid_k1,5,1,30,0.2,0.7557,0.7249,0.7875,0.7633,0.733,0.7954,0.1416,0.133,0.1509,0.5854,0.5477,0.6224
007b,native,kcentroid_k2,5,1,30,0.2,0.7557,0.7249,0.7875,0.7633,0.733,0.7954,0.1416,0.133,0.1509,0.5854,0.5477,0.6224
007b,native,kcentroid_k3,5,1,30,0.2,0.7557,0.7249,0.7875,0.7633,0.733,0.7954,0.1416,0.133,0.1509,0.5854,0.5477,0.6224
007b,native,linsvm,5,1,30,0.2,0.7615,0.7335,0.7912,0.8403,0.8103,0.872,0.2121,0.1997,0.2248,0.5883,0.5541,0.623
007b,native,logreg,5,1,30,0.2,0.7621,0.7333,0.7908,0.834,0.8013,0.8663,0.1189,0.1116,0.1262,0.5899,0.5557,0.6249
007b,native,random,5,1,30,0.2,0.198,0.1903,0.2049,0.1973,0.182,0.2157,1.1039,1.0816,1.1257,0.02,0.0173,0.0229
007b,native,centroid,5,10,30,0.2,0.938,0.9269,0.9496,0.9307,0.912,0.9493,0.2342,0.2257,0.2435,0.8642,0.8435,0.8862
007b,native,exemplar_knn_k1,5,10,30,0.2,0.9143,0.9023,0.9272,0.916,0.9013,0.9313,0.4967,0.4911,0.5029,0.8123,0.7918,0.833
007b,native,exemplar_knn_k3,5,10,30,0.2,0.9201,0.9076,0.9327,0.96,0.946,0.973,1.1627,1.1309,1.1982,0.8265,0.8043,0.8481
007b,native,exemplar_knn_k5,5,10,30,0.2,0.9204,0.9076,0.9333,0.9703,0.958,0.9813,1.6669,1.6103,1.7302,0.8308,0.8072,0.8541
007b,native,kcentroid_k1,5,10,30,0.2,0.938,0.9269,0.9496,0.9307,0.912,0.9493,0.2342,0.2257,0.2435,0.8642,0.8435,0.8862
007b,native,kcentroid_k2,5,10,30,0.2,0.9345,0.9229,0.9457,0.9297,0.91,0.9483,0.233,0.2241,0.2424,0.8537,0.832,0.8744
007b,native,kcentroid_k3,5,10,30,0.2,0.9283,0.9163,0.9401,0.9263,0.907,0.9453,0.2302,0.2212,0.2395,0.8422,0.8213,0.8621
007b,native,linsvm,5,10,30,0.2,0.9484,0.9395,0.9575,0.9817,0.974,0.9887,0.9507,0.9281,0.9741,0.8786,0.8599,0.8974
007b,native,logreg,5,10,30,0.2,0.9487,0.9399,0.9573,0.9803,0.9727,0.9873,0.8372,0.8093,0.8665,0.8782,0.86,0.8962
007b,native,random,5,10,30,0.2,0.1963,0.1869,0.2059,0.1967,0.1823,0.2103,1.1062,1.0848,1.1305,0.0198,0.0175,0.0221
007b,native,centroid,5,20,30,0.2,0.9555,0.9487,0.9613,0.9217,0.9057,0.9377,0.2387,0.2304,0.2468,0.8936,0.8818,0.9052
007b,native,exemplar_knn_k1,5,20,30,0.2,0.9309,0.9236,0.9384,0.934,0.9223,0.9447,0.531,0.5246,0.538,0.837,0.8231,0.8524
007b,native,exemplar_knn_k3,5,20,30,0.2,0.9361,0.9285,0.9441,0.9677,0.9593,0.975,1.3176,1.2882,1.3491,0.8514,0.8373,0.8667
007b,native,exemplar_knn_k5,5,20,30,0.2,0.9409,0.9327,0.9485,0.9817,0.976,0.9867,1.991,1.938,2.0455,0.8625,0.8474,0.877
007b,native,kcentroid_k1,5,20,30,0.2,0.9555,0.9487,0.9613,0.9217,0.9057,0.9377,0.2387,0.2304,0.2468,0.8936,0.8818,0.9052
007b,native,kcentroid_k2,5,20,30,0.2,0.9493,0.9416,0.9565,0.929,0.9137,0.9443,0.2444,0.2365,0.2527,0.8789,0.8641,0.893
007b,native,kcentroid_k3,5,20,30,0.2,0.9435,0.9347,0.952,0.9287,0.9147,0.9423,0.2436,0.2357,0.2518,0.8674,0.8526,0.883
007b,native,linsvm,5,20,30,0.2,0.9631,0.9569,0.9689,0.9913,0.9873,0.9947,1.1966,1.1716,1.2213,0.9057,0.8932,0.9182
007b,native,logreg,5,20,30,0.2,0.9615,0.9553,0.9669,0.9873,0.981,0.9927,1.2465,1.2108,1.2836,0.9028,0.8904,0.9149
007b,native,random,5,20,30,0.2,0.1988,0.1921,0.2059,0.208,0.1893,0.2273,1.1167,1.0903,1.1411,0.0222,0.0189,0.0258
007b,native,centroid,5,3,30,0.2,0.8823,0.8624,0.9017,0.854,0.8333,0.8743,0.1859,0.1766,0.1944,0.769,0.7397,0.7959
007b,native,exemplar_knn_k1,5,3,30,0.2,0.8519,0.8331,0.87,0.8487,0.8263,0.8703,0.4189,0.4106,0.4268,0.7156,0.6892,0.7395
007b,native,exemplar_knn_k3,5,3,30,0.2,0.8563,0.8349,0.8765,0.9123,0.894,0.9297,0.6811,0.6444,0.7185,0.7236,0.6942,0.7511
007b,native,exemplar_knn_k5,5,3,30,0.2,0.8601,0.8395,0.8796,0.8983,0.8803,0.9164,0.5721,0.5434,0.5986,0.7389,0.7112,0.7657
007b,native,kcentroid_k1,5,3,30,0.2,0.8823,0.8624,0.9017,0.854,0.8333,0.8743,0.1859,0.1766,0.1944,0.769,0.7397,0.7959
007b,native,kcentroid_k2,5,3,30,0.2,0.8621,0.844,0.8809,0.8403,0.815,0.866,0.178,0.1693,0.1863,0.7326,0.7056,0.7572
007b,native,kcentroid_k3,5,3,30,0.2,0.8519,0.8331,0.87,0.84,0.8153,0.8647,0.1694,0.1615,0.177,0.7156,0.6892,0.7395
007b,native,linsvm,5,3,30,0.2,0.8924,0.8737,0.9104,0.9427,0.9263,0.958,0.4862,0.4677,0.5053,0.7776,0.7501,0.805
007b,native,logreg,5,3,30,0.2,0.8951,0.878,0.9121,0.9377,0.9227,0.9527,0.3167,0.3027,0.3308,0.7814,0.756,0.8075
007b,native,random,5,3,30,0.2,0.2035,0.1944,0.2139,0.189,0.172,0.205,1.1037,1.085,1.1223,0.0217,0.0189,0.025
007b,native,centroid,5,5,30,0.2,0.92,0.9055,0.9352,0.882,0.8623,0.9023,0.2045,0.1957,0.2137,0.8306,0.8064,0.8559
007b,native,exemplar_knn_k1,5,5,30,0.2,0.8868,0.8695,0.9052,0.8907,0.8713,0.9107,0.4513,0.4439,0.4588,0.7619,0.7335,0.7925
007b,native,exemplar_knn_k3,5,5,30,0.2,0.8959,0.8793,0.9123,0.9457,0.9307,0.9607,0.9125,0.877,0.9487,0.7839,0.7584,0.8118
007b,native,exemplar_knn_k5,5,5,30,0.2,0.8992,0.8827,0.9152,0.95,0.934,0.9653,1.095,1.0444,1.1449,0.7957,0.7716,0.821
007b,native,kcentroid_k1,5,5,30,0.2,0.92,0.9055,0.9352,0.882,0.8623,0.9023,0.2045,0.1957,0.2137,0.8306,0.8064,0.8559
007b,native,kcentroid_k2,5,5,30,0.2,0.9041,0.8876,0.9213,0.882,0.8576,0.904,0.2019,0.1935,0.2107,0.7998,0.7747,0.8271
007b,native,kcentroid_k3,5,5,30,0.2,0.8981,0.8815,0.9153,0.876,0.8547,0.897,0.1958,0.1877,0.2041,0.7826,0.7556,0.8114
007b,native,linsvm,5,5,30,0.2,0.9309,0.9181,0.944,0.9697,0.9613,0.9783,0.6634,0.6434,0.6854,0.8421,0.8193,0.8664
007b,native,logreg,5,5,30,0.2,0.9301,0.9165,0.9441,0.9637,0.9537,0.974,0.4835,0.4642,0.5033,0.8419,0.8169,0.8676
007b,native,random,5,5,30,0.2,0.1948,0.1855,0.204,0.1873,0.1713,0.2037,1.0964,1.0731,1.1212,0.0217,0.0197,0.0237
