experiment_id,round,agent_id,label,cohesion,vector_norm,shift_from_previous,distance_to_initial,n_points
exp_003b,1,agent_00,slithy,0.653264,0.653264,0.0,0.0,5
exp_003b,1,agent_00,mimsy,0.721073,0.721072,0.0,0.0,5
exp_003b,1,agent_00,vorpal,0.716356,0.716356,0.0,0.0,5
exp_003b,1,agent_01,slithy,0.630222,0.630222,0.0,0.0,5
exp_003b,1,agent_01,mimsy,0.746996,0.746996,0.0,0.0,5
exp_003b,1,agent_01,vorpal,0.729792,0.729792,0.0,0.0,5
exp_003b,1,agent_02,slithy,0.690002,0.690002,0.0,0.0,5
exp_003b,1,agent_02,mimsy,0.729597,0.729597,0.0,0.0,5
exp_003b,1,agent_02,vorpal,0.72547,0.72547,0.0,0.0,5
exp_003b,2,agent_00,slithy,0.653264,0.653264,0.0,0.0,5
exp_003b,2,agent_00,mimsy,0.721073,0.721072,0.0,0.0,5
exp_003b,2,agent_00,vorpal,0.716356,0.716356,0.0,0.0,5
exp_003b,2,agent_01,slithy,0.630222,0.630222,0.0,0.0,5
exp_003b,2,agent_01,mimsy,0.746996,0.746996,0.0,0.0,5
exp_003b,2,agent_01,vorpal,0.729792,0.729792,0.0,0.0,5
exp_003b,2,agent_02,slithy,0.690002,0.690002,0.0,0.0,5
exp_003b,2,agent_02,mimsy,0.729597,0.729597,0.0,0.0,5
exp_003b,2,agent_02,vorpal,0.72547,0.72547,0.0,0.0,5
exp_003b,3,agent_00,slithy,0.653264,0.653264,0.0,0.0,5
exp_003b,3,agent_00,mimsy,0.721073,0.721072,0.0,0.0,5
exp_003b,3,agent_00,vorpal,0.716356,0.716356,0.0,0.0,5
exp_003b,3,agent_01,slithy,0.630222,0.630222,0.0,0.0,5
exp_003b,3,agent_01,mimsy,0.746996,0.746996,0.0,0.0,5
exp_003b,3,agent_01,vorpal,0.729792,0.729792,0.0,0.0,5
exp_003b,3,agent_02,slithy,0.690002,0.690002,0.0,0.0,5
exp_003b,3,agent_02,mimsy,0.729597,0.729597,0.0,0.0,5
exp_003b,3,agent_02,vorpal,0.72547,0.72547,0.0,0.0,5
exp_003b,4,agent_00,slithy,0.653264,0.653264,0.0,0.0,5
exp_003b,4,agent_00,mimsy,0.721073,0.721072,0.0,0.0,5
exp_003b,4,agent_00,vorpal,0.716356,0.716356,0.0,0.0,5
exp_003b,4,agent_01,slithy,0.630222,0.630222,0.0,0.0,5
exp_003b,4,agent_01,mimsy,0.746996,0.746996,0.0,0.0,5
exp_003b,4,agent_01,vorpal,0.729792,0.729792,0.0,0.0,5
exp_003b,4,agent_02,slithy,0.690002,0.690002,0.0,0.0,5
exp_003b,4,agent_02,mimsy,0.729597,0.729597,0.0,0.0,5
exp_003b,4,agent_02,vorpal,0.72547,0.72547,0.0,0.0,5
exp_003b,5,agent_00,slithy,0.653264,0.653264,0.0,0.0,5
exp_003b,5,agent_00,mimsy,0.721073,0.721072,0.0,0.0,5
exp_003b,5,agent_00,vorpal,0.716356,0.716356,0.0,0.0,5
exp_003b,5,agent_01,slithy,0.630222,0.630222,0.0,0.0,5
exp_003b,5,agent_01,mimsy,0.746996,0.746996,0.0,0.0,5
exp_003b,5,agent_01,vorpal,0.729792,0.729792,0.0,0.0,5
exp_003b,5,agent_02,slithy,0.690002,0.690002,0.0,0.0,5
exp_003b,5,agent_02,mimsy,0.729597,0.729597,0.0,0.0,5
exp_003b,5,agent_02,vorpal,0.72547,0.72547,0.0,0.0,5
exp_003b,6,agent_00,slithy,0.653264,0.653264,0.0,0.0,5
exp_003b,6,agent_00,mimsy,0.721073,0.721072,0.0,0.0,5
exp_003b,6,agent_00,vorpal,0.716356,0.716356,0.0,0.0,5
exp_003b,6,agent_01,slithy,0.630222,0.630222,0.0,0.0,5
exp_003b,6,agent_01,mimsy,0.746996,0.746996,0.0,0.0,5
exp_003b,6,agent_01,vorpal,0.729792,0.729792,0.0,0.0,5
exp_003b,6,agent_02,slithy,0.690002,0.690002,0.0,0.0,5
exp_003b,6,agent_02,mimsy,0.729597,0.729597,0.0,0.0,5
exp_003b,6,agent_02,vorpal,0.72547,0.72547,0.0,0.0,5
exp_003b,7,agent_00,slithy,0.653264,0.653264,0.0,0.0,5
exp_003b,7,agent_00,mimsy,0.721073,0.721072,0.0,0.0,5
exp_003b,7,agent_00,vorpal,0.716356,0.716356,0.0,0.0,5
exp_003b,7,agent_01,slithy,0.630222,0.630222,0.0,0.0,5
exp_003b,7,agent_01,mimsy,0.746996,0.746996,0.0,0.0,5
exp_003b,7,agent_01,vorpal,0.729792,0.729792,0.0,0.0,5
exp_003b,7,agent_02,slithy,0.690002,0.690002,0.0,0.0,5
exp_003b,7,agent_02,mimsy,0.729597,0.729597,0.0,0.0,5
exp_003b,7,agent_02,vorpal,0.72547,0.72547,0.0,0.0,5
exp_003b,8,agent_00,slithy,0.653264,0.653264,0.0,0.0,5
exp_003b,8,agent_00,mimsy,0.721073,0.721072,0.0,0.0,5
exp_003b,8,agent_00,vorpal,0.716356,0.716356,0.0,0.0,5
exp_003b,8,agent_01,slithy,0.630222,0.630222,0.0,0.0,5
exp_003b,8,agent_01,mimsy,0.746996,0.746996,0.0,0.0,5
exp_003b,8,agent_01,vorpal,0.729792,0.729792,0.0,0.0,5
exp_003b,8,agent_02,slithy,0.690002,0.690002,0.0,0.0,5
exp_003b,8,agent_02,mimsy,0.729597,0.729597,0.0,0.0,5
exp_003b,8,agent_02,vorpal,0.72547,0.72547,0.0,0.0,5
exp_003b,9,agent_00,slithy,0.653264,0.653264,0.0,0.0,5
exp_003b,9,agent_00,mimsy,0.721073,0.721072,0.0,0.0,5
exp_003b,9,agent_00,vorpal,0.716356,0.716356,0.0,0.0,5
exp_003b,9,agent_01,slithy,0.630222,0.630222,0.0,0.0,5
exp_003b,9,agent_01,mimsy,0.746996,0.746996,0.0,0.0,5
exp_003b,9,agent_01,vorpal,0.729792,0.729792,0.0,0.0,5
exp_003b,9,agent_02,slithy,0.690002,0.690002,0.0,0.0,5
exp_003b,9,agent_02,mimsy,0.729597,0.729597,0.0,0.0,5
exp_003b,9,agent_02,vorpal,0.72547,0.72547,0.0,0.0,5
exp_003b,10,agent_00,slithy,0.653264,0.653264,0.0,0.0,5
exp_003b,10,agent_00,mimsy,0.721073,0.721072,0.0,0.0,5
exp_003b,10,agent_00,vorpal,0.716356,0.716356,0.0,0.0,5
exp_003b,10,agent_01,slithy,0.630222,0.630222,0.0,0.0,5
exp_003b,10,agent_01,mimsy,0.746996,0.746996,0.0,0.0,5
exp_003b,10,agent_01,vorpal,0.729792,0.729792,0.0,0.0,5
exp_003b,10,agent_02,slithy,0.690002,0.690002,0.0,0.0,5
exp_003b,10,agent_02,mimsy,0.729597,0.729597,0.0,0.0,5
exp_003b,10,agent_02,vorpal,0.72547,0.72547,0.0,0.0,5
exp_003b,11,agent_00,slithy,0.653264,0.653264,0.0,0.0,5
exp_003b,11,agent_00,mimsy,0.721073,0.721072,0.0,0.0,5
exp_003b,11,agent_00,vorpal,0.716356,0.716356,0.0,0.0,5
exp_003b,11,agent_01,slithy,0.630222,0.630222,0.0,0.0,5
exp_003b,11,agent_01,mimsy,0.746996,0.746996,0.0,0.0,5
exp_003b,11,agent_01,vorpal,0.729792,0.729792,0.0,0.0,5
exp_003b,11,agent_02,slithy,0.690002,0.690002,0.0,0.0,5
exp_003b,11,agent_02,mimsy,0.729597,0.729597,0.0,0.0,5
exp_003b,11,agent_02,vorpal,0.72547,0.72547,0.0,0.0,5
exp_003b,12,agent_00,slithy,0.653264,0.653264,0.0,0.0,5
exp_003b,12,agent_00,mimsy,0.721073,0.721072,0.0,0.0,5
exp_003b,12,agent_00,vorpal,0.716356,0.716356,0.0,0.0,5
exp_003b,12,agent_01,slithy,0.630222,0.630222,0.0,0.0,5
exp_003b,12,agent_01,mimsy,0.746996,0.746996,0.0,0.0,5
exp_003b,12,agent_01,vorpal,0.729792,0.729792,0.0,0.0,5
exp_003b,12,agent_02,slithy,0.690002,0.690002,0.0,0.0,5
exp_003b,12,agent_02,mimsy,0.729597,0.729597,0.0,0.0,5
exp_003b,12,agent_02,vorpal,0.72547,0.72547,0.0,0.0,5
exp_003b,13,agent_00,slithy,0.653264,0.653264,0.0,0.0,5
exp_003b,13,agent_00,mimsy,0.721073,0.721072,0.0,0.0,5
exp_003b,13,agent_00,vorpal,0.716356,0.716356,0.0,0.0,5
exp_003b,13,agent_01,slithy,0.630222,0.630222,0.0,0.0,5
exp_003b,13,agent_01,mimsy,0.746996,0.746996,0.0,0.0,5
exp_003b,13,agent_01,vorpal,0.729792,0.729792,0.0,0.0,5
exp_003b,13,agent_02,slithy,0.690002,0.690002,0.0,0.0,5
exp_003b,13,agent_02,mimsy,0.729597,0.729597,0.0,0.0,5
exp_003b,13,agent_02,vorpal,0.72547,0.72547,0.0,0.0,5
exp_003b,14,agent_00,slithy,0.653264,0.653264,0.0,0.0,5
exp_003b,14,agent_00,mimsy,0.721073,0.721072,0.0,0.0,5
exp_003b,14,agent_00,vorpal,0.716356,0.716356,0.0,0.0,5
exp_003b,14,agent_01,slithy,0.630222,0.630222,0.0,0.0,5
exp_003b,14,agent_01,mimsy,0.746996,0.746996,0.0,0.0,5
exp_003b,14,agent_01,vorpal,0.729792,0.729792,0.0,0.0,5
exp_003b,14,agent_02,slithy,0.690002,0.690002,0.0,0.0,5
exp_003b,14,agent_02,mimsy,0.729597,0.729597,0.0,0.0,5
exp_003b,14,agent_02,vorpal,0.72547,0.72547,0.0,0.0,5
exp_003b,15,agent_00,slithy,0.653264,0.653264,0.0,0.0,5
exp_003b,15,agent_00,mimsy,0.721073,0.721072,0.0,0.0,5
exp_003b,15,agent_00,vorpal,0.716356,0.716356,0.0,0.0,5
exp_003b,15,agent_01,slithy,0.630222,0.630222,0.0,0.0,5
exp_003b,15,agent_01,mimsy,0.746996,0.746996,0.0,0.0,5
exp_003b,15,agent_01,vorpal,0.729792,0.729792,0.0,0.0,5
exp_003b,15,agent_02,slithy,0.690002,0.690002,0.0,0.0,5
exp_003b,15,agent_02,mimsy,0.729597,0.729597,0.0,0.0,5
exp_003b,15,agent_02,vorpal,0.72547,0.72547,0.0,0.0,5
exp_003b,16,agent_00,slithy,0.653264,0.653264,0.0,0.0,5
exp_003b,16,agent_00,mimsy,0.721073,0.721072,0.0,0.0,5
exp_003b,16,agent_00,vorpal,0.716356,0.716356,0.0,0.0,5
exp_003b,16,agent_01,slithy,0.630222,0.630222,0.0,0.0,5
exp_003b,16,agent_01,mimsy,0.746996,0.746996,0.0,0.0,5
exp_003b,16,agent_01,vorpal,0.729792,0.729792,0.0,0.0,5
exp_003b,16,agent_02,slithy,0.690002,0.690002,0.0,0.0,5
exp_003b,16,agent_02,mimsy,0.729597,0.729597,0.0,0.0,5
exp_003b,16,agent_02,vorpal,0.72547,0.72547,0.0,0.0,5
exp_003b,17,agent_00,slithy,0.653264,0.653264,0.0,0.0,5
exp_003b,17,agent_00,mimsy,0.721073,0.721072,0.0,0.0,5
exp_003b,17,agent_00,vorpal,0.716356,0.716356,0.0,0.0,5
exp_003b,17,agent_01,slithy,0.630222,0.630222,0.0,0.0,5
exp_003b,17,agent_01,mimsy,0.746996,0.746996,0.0,0.0,5
exp_003b,17,agent_01,vorpal,0.729792,0.729792,0.0,0.0,5
exp_003b,17,agent_02,slithy,0.690002,0.690002,0.0,0.0,5
exp_003b,17,agent_02,mimsy,0.729597,0.729597,0.0,0.0,5
exp_003b,17,agent_02,vorpal,0.72547,0.72547,0.0,0.0,5
exp_003b,18,agent_00,slithy,0.653264,0.653264,0.0,0.0,5
exp_003b,18,agent_00,mimsy,0.721073,0.721072,0.0,0.0,5
exp_003b,18,agent_00,vorpal,0.716356,0.716356,0.0,0.0,5
exp_003b,18,agent_01,slithy,0.630222,0.630222,0.0,0.0,5
exp_003b,18,agent_01,mimsy,0.746996,0.746996,0.0,0.0,5
exp_003b,18,agent_01,vorpal,0.729792,0.729792,0.0,0.0,5
exp_003b,18,agent_02,slithy,0.690002,0.690002,0.0,0.0,5
exp_003b,18,agent_02,mimsy,0.729597,0.729597,0.0,0.0,5
exp_003b,18,agent_02,vorpal,0.72547,0.72547,0.0,0.0,5
exp_003b,19,agent_00,slithy,0.653264,0.653264,0.0,0.0,5
exp_003b,19,agent_00,mimsy,0.721073,0.721072,0.0,0.0,5
exp_003b,19,agent_00,vorpal,0.716356,0.716356,0.0,0.0,5
exp_003b,19,agent_01,slithy,0.630222,0.630222,0.0,0.0,5
exp_003b,19,agent_01,mimsy,0.746996,0.746996,0.0,0.0,5
exp_003b,19,agent_01,vorpal,0.729792,0.729792,0.0,0.0,5
exp_003b,19,agent_02,slithy,0.690002,0.690002,0.0,0.0,5
exp_003b,19,agent_02,mimsy,0.729597,0.729597,0.0,0.0,5
exp_003b,19,agent_02,vorpal,0.72547,0.72547,0.0,0.0,5
exp_003b,20,agent_00,slithy,0.653264,0.653264,0.0,0.0,5
exp_003b,20,agent_00,mimsy,0.721073,0.721072,0.0,0.0,5
exp_003b,20,agent_00,vorpal,0.716356,0.716356,0.0,0.0,5
exp_003b,20,agent_01,slithy,0.630222,0.630222,0.0,0.0,5
exp_003b,20,agent_01,mimsy,0.746996,0.746996,0.0,0.0,5
exp_003b,20,agent_01,vorpal,0.729792,0.729792,0.0,0.0,5
exp_003b,20,agent_02,slithy,0.690002,0.690002,0.0,0.0,5
exp_003b,20,agent_02,mimsy,0.729597,0.729597,0.0,0.0,5
exp_003b,20,agent_02,vorpal,0.72547,0.72547,0.0,0.0,5
exp_003b,21,agent_00,slithy,0.653264,0.653264,0.0,0.0,5
exp_003b,21,agent_00,mimsy,0.721073,0.721072,0.0,0.0,5
exp_003b,21,agent_00,vorpal,0.716356,0.716356,0.0,0.0,5
exp_003b,21,agent_01,slithy,0.630222,0.630222,0.0,0.0,5
exp_003b,21,agent_01,mimsy,0.746996,0.746996,0.0,0.0,5
exp_003b,21,agent_01,vorpal,0.729792,0.729792,0.0,0.0,5
exp_003b,21,agent_02,slithy,0.690002,0.690002,0.0,0.0,5
exp_003b,21,agent_02,mimsy,0.729597,0.729597,0.0,0.0,5
exp_003b,21,agent_02,vorpal,0.72547,0.72547,0.0,0.0,5
exp_003b,22,agent_00,slithy,0.653264,0.653264,0.0,0.0,5
exp_003b,22,agent_00,mimsy,0.721073,0.721072,0.0,0.0,5
exp_003b,22,agent_00,vorpal,0.716356,0.716356,0.0,0.0,5
exp_003b,22,agent_01,slithy,0.630222,0.630222,0.0,0.0,5
exp_003b,22,agent_01,mimsy,0.746996,0.746996,0.0,0.0,5
exp_003b,22,agent_01,vorpal,0.729792,0.729792,0.0,0.0,5
exp_003b,22,agent_02,slithy,0.690002,0.690002,0.0,0.0,5
exp_003b,22,agent_02,mimsy,0.729597,0.729597,0.0,0.0,5
exp_003b,22,agent_02,vorpal,0.72547,0.72547,0.0,0.0,5
exp_003b,23,agent_00,slithy,0.653264,0.653264,0.0,0.0,5
exp_003b,23,agent_00,mimsy,0.721073,0.721072,0.0,0.0,5
exp_003b,23,agent_00,vorpal,0.716356,0.716356,0.0,0.0,5
exp_003b,23,agent_01,slithy,0.630222,0.630222,0.0,0.0,5
exp_003b,23,agent_01,mimsy,0.746996,0.746996,0.0,0.0,5
exp_003b,23,agent_01,vorpal,0.729792,0.729792,0.0,0.0,5
exp_003b,23,agent_02,slithy,0.690002,0.690002,0.0,0.0,5
exp_003b,23,agent_02,mimsy,0.729597,0.729597,0.0,0.0,5
exp_003b,23,agent_02,vorpal,0.72547,0.72547,0.0,0.0,5
exp_003b,24,agent_00,slithy,0.653264,0.653264,0.0,0.0,5
exp_003b,24,agent_00,mimsy,0.721073,0.721072,0.0,0.0,5
exp_003b,24,agent_00,vorpal,0.716356,0.716356,0.0,0.0,5
exp_003b,24,agent_01,slithy,0.630222,0.630222,0.0,0.0,5
exp_003b,24,agent_01,mimsy,0.746996,0.746996,0.0,0.0,5
exp_003b,24,agent_01,vorpal,0.729792,0.729792,0.0,0.0,5
exp_003b,24,agent_02,slithy,0.690002,0.690002,0.0,0.0,5
exp_003b,24,agent_02,mimsy,0.729597,0.729597,0.0,0.0,5
exp_003b,24,agent_02,vorpal,0.72547,0.72547,0.0,0.0,5
exp_003b,25,agent_00,slithy,0.653264,0.653264,0.0,0.0,5
exp_003b,25,agent_00,mimsy,0.721073,0.721072,0.0,0.0,5
exp_003b,25,agent_00,vorpal,0.716356,0.716356,0.0,0.0,5
exp_003b,25,agent_01,slithy,0.630222,0.630222,0.0,0.0,5
exp_003b,25,agent_01,mimsy,0.746996,0.746996,0.0,0.0,5
exp_003b,25,agent_01,vorpal,0.729792,0.729792,0.0,0.0,5
exp_003b,25,agent_02,slithy,0.690002,0.690002,0.0,0.0,5
exp_003b,25,agent_02,mimsy,0.729597,0.729597,0.0,0.0,5
exp_003b,25,agent_02,vorpal,0.72547,0.72547,0.0,0.0,5
exp_003b,26,agent_00,slithy,0.653264,0.653264,0.0,0.0,5
exp_003b,26,agent_00,mimsy,0.721073,0.721072,0.0,0.0,5
exp_003b,26,agent_00,vorpal,0.716356,0.716356,0.0,0.0,5
exp_003b,26,agent_01,slithy,0.630222,0.630222,0.0,0.0,5
exp_003b,26,agent_01,mimsy,0.746996,0.746996,0.0,0.0,5
exp_003b,26,agent_01,vorpal,0.729792,0.729792,0.0,0.0,5
exp_003b,26,agent_02,slithy,0.690002,0.690002,0.0,0.0,5
exp_003b,26,agent_02,mimsy,0.729597,0.729597,0.0,0.0,5
exp_003b,26,agent_02,vorpal,0.72547,0.72547,0.0,0.0,5
exp_003b,27,agent_00,slithy,0.653264,0.653264,0.0,0.0,5
exp_003b,27,agent_00,mimsy,0.721073,0.721072,0.0,0.0,5
exp_003b,27,agent_00,vorpal,0.716356,0.716356,0.0,0.0,5
exp_003b,27,agent_01,slithy,0.630222,0.630222,0.0,0.0,5
exp_003b,27,agent_01,mimsy,0.746996,0.746996,0.0,0.0,5
exp_003b,27,agent_01,vorpal,0.729792,0.729792,0.0,0.0,5
exp_003b,27,agent_02,slithy,0.690002,0.690002,0.0,0.0,5
exp_003b,27,agent_02,mimsy,0.729597,0.729597,0.0,0.0,5
exp_003b,27,agent_02,vorpal,0.72547,0.72547,0.0,0.0,5
exp_003b,28,agent_00,slithy,0.653264,0.653264,0.0,0.0,5
exp_003b,28,agent_00,mimsy,0.721073,0.721072,0.0,0.0,5
exp_003b,28,agent_00,vorpal,0.716356,0.716356,0.0,0.0,5
exp_003b,28,agent_01,slithy,0.630222,0.630222,0.0,0.0,5
exp_003b,28,agent_01,mimsy,0.746996,0.746996,0.0,0.0,5
exp_003b,28,agent_01,vorpal,0.729792,0.729792,0.0,0.0,5
exp_003b,28,agent_02,slithy,0.690002,0.690002,0.0,0.0,5
exp_003b,28,agent_02,mimsy,0.729597,0.729597,0.0,0.0,5
exp_003b,28,agent_02,vorpal,0.72547,0.72547,0.0,0.0,5
exp_003b,29,agent_00,slithy,0.653264,0.653264,0.0,0.0,5
exp_003b,29,agent_00,mimsy,0.721073,0.721072,0.0,0.0,5
exp_003b,29,agent_00,vorpal,0.716356,0.716356,0.0,0.0,5
exp_003b,29,agent_01,slithy,0.630222,0.630222,0.0,0.0,5
exp_003b,29,agent_01,mimsy,0.746996,0.746996,0.0,0.0,5
exp_003b,29,agent_01,vorpal,0.729792,0.729792,0.0,0.0,5
exp_003b,29,agent_02,slithy,0.690002,0.690002,0.0,0.0,5
exp_003b,29,agent_02,mimsy,0.729597,0.729597,0.0,0.0,5
exp_003b,29,agent_02,vorpal,0.72547,0.72547,0.0,0.0,5
exp_003b,30,agent_00,slithy,0.653264,0.653264,0.0,0.0,5
exp_003b,30,agent_00,mimsy,0.721073,0.721072,0.0,0.0,5
exp_003b,30,agent_00,vorpal,0.716356,0.716356,0.0,0.0,5
exp_003b,30,agent_01,slithy,0.630222,0.630222,0.0,0.0,5
exp_003b,30,agent_01,mimsy,0.746996,0.746996,0.0,0.0,5
exp_003b,30,agent_01,vorpal,0.729792,0.729792,0.0,0.0,5
exp_003b,30,agent_02,slithy,0.690002,0.690002,0.0,0.0,5
exp_003b,30,agent_02,mimsy,0.729597,0.729597,0.0,0.0,5
exp_003b,30,agent_02,vorpal,0.72547,0.72547,0.0,0.0,5
exp_003b,31,agent_00,slithy,0.653264,0.653264,0.0,0.0,5
exp_003b,31,agent_00,mimsy,0.721073,0.721072,0.0,0.0,5
exp_003b,31,agent_00,vorpal,0.716356,0.716356,0.0,0.0,5
exp_003b,31,agent_01,slithy,0.630222,0.630222,0.0,0.0,5
exp_003b,31,agent_01,mimsy,0.746996,0.746996,0.0,0.0,5
exp_003b,31,agent_01,vorpal,0.729792,0.729792,0.0,0.0,5
exp_003b,31,agent_02,slithy,0.690002,0.690002,0.0,0.0,5
exp_003b,31,agent_02,mimsy,0.729597,0.729597,0.0,0.0,5
exp_003b,31,agent_02,vorpal,0.72547,0.72547,0.0,0.0,5
exp_003b,32,agent_00,slithy,0.653264,0.653264,0.0,0.0,5
exp_003b,32,agent_00,mimsy,0.721073,0.721072,0.0,0.0,5
exp_003b,32,agent_00,vorpal,0.716356,0.716356,0.0,0.0,5
exp_003b,32,agent_01,slithy,0.630222,0.630222,0.0,0.0,5
exp_003b,32,agent_01,mimsy,0.746996,0.746996,0.0,0.0,5
exp_003b,32,agent_01,vorpal,0.729792,0.729792,0.0,0.0,5
exp_003b,32,agent_02,slithy,0.690002,0.690002,0.0,0.0,5
exp_003b,32,agent_02,mimsy,0.729597,0.729597,0.0,0.0,5
exp_003b,32,agent_02,vorpal,0.72547,0.72547,0.0,0.0,5
exp_003b,33,agent_00,slithy,0.653264,0.653264,0.0,0.0,5
exp_003b,33,agent_00,mimsy,0.721073,0.721072,0.0,0.0,5
exp_003b,33,agent_00,vorpal,0.716356,0.716356,0.0,0.0,5
exp_003b,33,agent_01,slithy,0.630222,0.630222,0.0,0.0,5
exp_003b,33,agent_01,mimsy,0.746996,0.746996,0.0,0.0,5
exp_003b,33,agent_01,vorpal,0.729792,0.729792,0.0,0.0,5
exp_003b,33,agent_02,slithy,0.690002,0.690002,0.0,0.0,5
exp_003b,33,agent_02,mimsy,0.729597,0.729597,0.0,0.0,5
exp_003b,33,agent_02,vorpal,0.72547,0.72547,0.0,0.0,5
exp_003b,34,agent_00,slithy,0.653264,0.653264,0.0,0.0,5
exp_003b,34,agent_00,mimsy,0.721073,0.721072,0.0,0.0,5
exp_003b,34,agent_00,vorpal,0.716356,0.716356,0.0,0.0,5
exp_003b,34,agent_01,slithy,0.630222,0.630222,0.0,0.0,5
exp_003b,34,agent_01,mimsy,0.746996,0.746996,0.0,0.0,5
exp_003b,34,agent_01,vorpal,0.729792,0.729792,0.0,0.0,5
exp_003b,34,agent_02,slithy,0.690002,0.690002,0.0,0.0,5
exp_003b,34,agent_02,mimsy,0.729597,0.729597,0.0,0.0,5
exp_003b,34,agent_02,vorpal,0.72547,0.72547,0.0,0.0,5
exp_003b,35,agent_00,slithy,0.653264,0.653264,0.0,0.0,5
exp_003b,35,agent_00,mimsy,0.721073,0.721072,0.0,0.0,5
exp_003b,35,agent_00,vorpal,0.716356,0.716356,0.0,0.0,5
exp_003b,35,agent_01,slithy,0.630222,0.630222,0.0,0.0,5
exp_003b,35,agent_01,mimsy,0.746996,0.746996,0.0,0.0,5
exp_003b,35,agent_01,vorpal,0.729792,0.729792,0.0,0.0,5
exp_003b,35,agent_02,slithy,0.690002,0.690002,0.0,0.0,5
exp_003b,35,agent_02,mimsy,0.729597,0.729597,0.0,0.0,5
exp_003b,35,agent_02,vorpal,0.72547,0.72547,0.0,0.0,5
exp_003b,36,agent_00,slithy,0.653264,0.653264,0.0,0.0,5
exp_003b,36,agent_00,mimsy,0.721073,0.721072,0.0,0.0,5
exp_003b,36,agent_00,vorpal,0.716356,0.716356,0.0,0.0,5
exp_003b,36,agent_01,slithy,0.630222,0.630222,0.0,0.0,5
exp_003b,36,agent_01,mimsy,0.746996,0.746996,0.0,0.0,5
exp_003b,36,agent_01,vorpal,0.729792,0.729792,0.0,0.0,5
exp_003b,36,agent_02,slithy,0.690002,0.690002,0.0,0.0,5
exp_003b,36,agent_02,mimsy,0.729597,0.729597,0.0,0.0,5
exp_003b,36,agent_02,vorpal,0.72547,0.72547,0.0,0.0,5
exp_003b,37,agent_00,slithy,0.653264,0.653264,0.0,0.0,5
exp_003b,37,agent_00,mimsy,0.721073,0.721072,0.0,0.0,5
exp_003b,37,agent_00,vorpal,0.716356,0.716356,0.0,0.0,5
exp_003b,37,agent_01,slithy,0.630222,0.630222,0.0,0.0,5
exp_003b,37,agent_01,mimsy,0.746996,0.746996,0.0,0.0,5
exp_003b,37,agent_01,vorpal,0.729792,0.729792,0.0,0.0,5
exp_003b,37,agent_02,slithy,0.690002,0.690002,0.0,0.0,5
exp_003b,37,agent_02,mimsy,0.729597,0.729597,0.0,0.0,5
exp_003b,37,agent_02,vorpal,0.72547,0.72547,0.0,0.0,5
exp_003b,38,agent_00,slithy,0.653264,0.653264,0.0,0.0,5
exp_003b,38,agent_00,mimsy,0.721073,0.721072,0.0,0.0,5
exp_003b,38,agent_00,vorpal,0.716356,0.716356,0.0,0.0,5
exp_003b,38,agent_01,slithy,0.630222,0.630222,0.0,0.0,5
exp_003b,38,agent_01,mimsy,0.746996,0.746996,0.0,0.0,5
exp_003b,38,agent_01,vorpal,0.729792,0.729792,0.0,0.0,5
exp_003b,38,agent_02,slithy,0.690002,0.690002,0.0,0.0,5
exp_003b,38,agent_02,mimsy,0.729597,0.729597,0.0,0.0,5
exp_003b,38,agent_02,vorpal,0.72547,0.72547,0.0,0.0,5
exp_003b,39,agent_00,slithy,0.653264,0.653264,0.0,0.0,5
exp_003b,39,agent_00,mimsy,0.721073,0.721072,0.0,0.0,5
exp_003b,39,agent_00,vorpal,0.716356,0.716356,0.0,0.0,5
exp_003b,39,agent_01,slithy,0.630222,0.630222,0.0,0.0,5
exp_003b,39,agent_01,mimsy,0.746996,0.746996,0.0,0.0,5
exp_003b,39,agent_01,vorpal,0.729792,0.729792,0.0,0.0,5
exp_003b,39,agent_02,slithy,0.690002,0.690002,0.0,0.0,5
exp_003b,39,agent_02,mimsy,0.729597,0.729597,0.0,0.0,5
exp_003b,39,agent_02,vorpal,0.72547,0.72547,0.0,0.0,5
exp_003b,40,agent_00,slithy,0.653264,0.653264,0.0,0.0,5
exp_003b,40,agent_00,mimsy,0.721073,0.721072,0.0,0.0,5
exp_003b,40,agent_00,vorpal,0.716356,0.716356,0.0,0.0,5
exp_003b,40,agent_01,slithy,0.630222,0.630222,0.0,0.0,5
exp_003b,40,agent_01,mimsy,0.746996,0.746996,0.0,0.0,5
exp_003b,40,agent_01,vorpal,0.729792,0.729792,0.0,0.0,5
exp_003b,40,agent_02,slithy,0.690002,0.690002,0.0,0.0,5
exp_003b,40,agent_02,mimsy,0.729597,0.729597,0.0,0.0,5
exp_003b,40,agent_02,vorpal,0.72547,0.72547,0.0,0.0,5
exp_003b,41,agent_00,slithy,0.653264,0.653264,0.0,0.0,5
exp_003b,41,agent_00,mimsy,0.721073,0.721072,0.0,0.0,5
exp_003b,41,agent_00,vorpal,0.716356,0.716356,0.0,0.0,5
exp_003b,41,agent_01,slithy,0.630222,0.630222,0.0,0.0,5
exp_003b,41,agent_01,mimsy,0.746996,0.746996,0.0,0.0,5
exp_003b,41,agent_01,vorpal,0.729792,0.729792,0.0,0.0,5
exp_003b,41,agent_02,slithy,0.690002,0.690002,0.0,0.0,5
exp_003b,41,agent_02,mimsy,0.729597,0.729597,0.0,0.0,5
exp_003b,41,agent_02,vorpal,0.72547,0.72547,0.0,0.0,5
exp_003b,42,agent_00,slithy,0.653264,0.653264,0.0,0.0,5
exp_003b,42,agent_00,mimsy,0.721073,0.721072,0.0,0.0,5
exp_003b,42,agent_00,vorpal,0.716356,0.716356,0.0,0.0,5
exp_003b,42,agent_01,slithy,0.630222,0.630222,0.0,0.0,5
exp_003b,42,agent_01,mimsy,0.746996,0.746996,0.0,0.0,5
exp_003b,42,agent_01,vorpal,0.729792,0.729792,0.0,0.0,5
exp_003b,42,agent_02,slithy,0.690002,0.690002,0.0,0.0,5
exp_003b,42,agent_02,mimsy,0.729597,0.729597,0.0,0.0,5
exp_003b,42,agent_02,vorpal,0.72547,0.72547,0.0,0.0,5
exp_003b,43,agent_00,slithy,0.653264,0.653264,0.0,0.0,5
exp_003b,43,agent_00,mimsy,0.721073,0.721072,0.0,0.0,5
exp_003b,43,agent_00,vorpal,0.716356,0.716356,0.0,0.0,5
exp_003b,43,agent_01,slithy,0.630222,0.630222,0.0,0.0,5
exp_003b,43,agent_01,mimsy,0.746996,0.746996,0.0,0.0,5
exp_003b,43,agent_01,vorpal,0.729792,0.729792,0.0,0.0,5
exp_003b,43,agent_02,slithy,0.690002,0.690002,0.0,0.0,5
exp_003b,43,agent_02,mimsy,0.729597,0.729597,0.0,0.0,5
exp_003b,43,agent_02,vorpal,0.72547,0.72547,0.0,0.0,5
exp_003b,44,agent_00,slithy,0.653264,0.653264,0.0,0.0,5
exp_003b,44,agent_00,mimsy,0.721073,0.721072,0.0,0.0,5
exp_003b,44,agent_00,vorpal,0.716356,0.716356,0.0,0.0,5
exp_003b,44,agent_01,slithy,0.630222,0.630222,0.0,0.0,5
exp_003b,44,agent_01,mimsy,0.746996,0.746996,0.0,0.0,5
exp_003b,44,agent_01,vorpal,0.729792,0.729792,0.0,0.0,5
exp_003b,44,agent_02,slithy,0.690002,0.690002,0.0,0.0,5
exp_003b,44,agent_02,mimsy,0.729597,0.729597,0.0,0.0,5
exp_003b,44,agent_02,vorpal,0.72547,0.72547,0.0,0.0,5
exp_003b,45,agent_00,slithy,0.653264,0.653264,0.0,0.0,5
exp_003b,45,agent_00,mimsy,0.721073,0.721072,0.0,0.0,5
exp_003b,45,agent_00,vorpal,0.716356,0.716356,0.0,0.0,5
exp_003b,45,agent_01,slithy,0.630222,0.630222,0.0,0.0,5
exp_003b,45,agent_01,mimsy,0.746996,0.746996,0.0,0.0,5
exp_003b,45,agent_01,vorpal,0.729792,0.729792,0.0,0.0,5
exp_003b,45,agent_02,slithy,0.690002,0.690002,0.0,0.0,5
exp_003b,45,agent_02,mimsy,0.729597,0.729597,0.0,0.0,5
exp_003b,45,agent_02,vorpal,0.72547,0.72547,0.0,0.0,5
exp_003b,46,agent_00,slithy,0.653264,0.653264,0.0,0.0,5
exp_003b,46,agent_00,mimsy,0.721073,0.721072,0.0,0.0,5
exp_003b,46,agent_00,vorpal,0.716356,0.716356,0.0,0.0,5
exp_003b,46,agent_01,slithy,0.630222,0.630222,0.0,0.0,5
exp_003b,46,agent_01,mimsy,0.746996,0.746996,0.0,0.0,5
exp_003b,46,agent_01,vorpal,0.729792,0.729792,0.0,0.0,5
exp_003b,46,agent_02,slithy,0.690002,0.690002,0.0,0.0,5
exp_003b,46,agent_02,mimsy,0.729597,0.729597,0.0,0.0,5
exp_003b,46,agent_02,vorpal,0.72547,0.72547,0.0,0.0,5
exp_003b,47,agent_00,slithy,0.653264,0.653264,0.0,0.0,5
exp_003b,47,agent_00,mimsy,0.721073,0.721072,0.0,0.0,5
exp_003b,47,agent_00,vorpal,0.716356,0.716356,0.0,0.0,5
exp_003b,47,agent_01,slithy,0.630222,0.630222,0.0,0.0,5
exp_003b,47,agent_01,mimsy,0.746996,0.746996,0.0,0.0,5
exp_003b,47,agent_01,vorpal,0.729792,0.729792,0.0,0.0,5
exp_003b,47,agent_02,slithy,0.690002,0.690002,0.0,0.0,5
exp_003b,47,agent_02,mimsy,0.729597,0.729597,0.0,0.0,5
exp_003b,47,agent_02,vorpal,0.72547,0.72547,0.0,0.0,5
exp_003b,48,agent_00,slithy,0.653264,0.653264,0.0,0.0,5
exp_003b,48,agent_00,mimsy,0.721073,0.721072,0.0,0.0,5
exp_003b,48,agent_00,vorpal,0.716356,0.716356,0.0,0.0,5
exp_003b,48,agent_01,slithy,0.630222,0.630222,0.0,0.0,5
exp_003b,48,agent_01,mimsy,0.746996,0.746996,0.0,0.0,5
exp_003b,48,agent_01,vorpal,0.729792,0.729792,0.0,0.0,5
exp_003b,48,agent_02,slithy,0.690002,0.690002,0.0,0.0,5
exp_003b,48,agent_02,mimsy,0.729597,0.729597,0.0,0.0,5
exp_003b,48,agent_02,vorpal,0.72547,0.72547,0.0,0.0,5
exp_003b,49,agent_00,slithy,0.653264,0.653264,0.0,0.0,5
exp_003b,49,agent_00,mimsy,0.721073,0.721072,0.0,0.0,5
exp_003b,49,agent_00,vorpal,0.716356,0.716356,0.0,0.0,5
exp_003b,49,agent_01,slithy,0.630222,0.630222,0.0,0.0,5
exp_003b,49,agent_01,mimsy,0.746996,0.746996,0.0,0.0,5
exp_003b,49,agent_01,vorpal,0.729792,0.729792,0.0,0.0,5
exp_003b,49,agent_02,slithy,0.690002,0.690002,0.0,0.0,5
exp_003b,49,agent_02,mimsy,0.729597,0.729597,0.0,0.0,5
exp_003b,49,agent_02,vorpal,0.72547,0.72547,0.0,0.0,5
exp_003b,50,agent_00,slithy,0.653264,0.653264,0.0,0.0,5
exp_003b,50,agent_00,mimsy,0.721073,0.721072,0.0,0.0,5
exp_003b,50,agent_00,vorpal,0.716356,0.716356,0.0,0.0,5
exp_003b,50,agent_01,slithy,0.630222,0.630222,0.0,0.0,5
exp_003b,50,agent_01,mimsy,0.746996,0.746996,0.0,0.0,5
exp_003b,50,agent_01,vorpal,0.729792,0.729792,0.0,0.0,5
exp_003b,50,agent_02,slithy,0.690002,0.690002,0.0,0.0,5
exp_003b,50,agent_02,mimsy,0.729597,0.729597,0.0,0.0,5
exp_003b,50,agent_02,vorpal,0.72547,0.72547,0.0,0.0,5
exp_003b,51,agent_00,slithy,0.653264,0.653264,0.0,0.0,5
exp_003b,51,agent_00,mimsy,0.721073,0.721072,0.0,0.0,5
exp_003b,51,agent_00,vorpal,0.716356,0.716356,0.0,0.0,5
exp_003b,51,agent_01,slithy,0.630222,0.630222,0.0,0.0,5
exp_003b,51,agent_01,mimsy,0.746996,0.746996,0.0,0.0,5
exp_003b,51,agent_01,vorpal,0.729792,0.729792,0.0,0.0,5
exp_003b,51,agent_02,slithy,0.690002,0.690002,0.0,0.0,5
exp_003b,51,agent_02,mimsy,0.729597,0.729597,0.0,0.0,5
exp_003b,51,agent_02,vorpal,0.72547,0.72547,0.0,0.0,5
exp_003b,52,agent_00,slithy,0.653264,0.653264,0.0,0.0,5
exp_003b,52,agent_00,mimsy,0.721073,0.721072,0.0,0.0,5
exp_003b,52,agent_00,vorpal,0.716356,0.716356,0.0,0.0,5
exp_003b,52,agent_01,slithy,0.630222,0.630222,0.0,0.0,5
exp_003b,52,agent_01,mimsy,0.746996,0.746996,0.0,0.0,5
exp_003b,52,agent_01,vorpal,0.729792,0.729792,0.0,0.0,5
exp_003b,52,agent_02,slithy,0.690002,0.690002,0.0,0.0,5
exp_003b,52,agent_02,mimsy,0.729597,0.729597,0.0,0.0,5
exp_003b,52,agent_02,vorpal,0.72547,0.72547,0.0,0.0,5
exp_003b,53,agent_00,slithy,0.653264,0.653264,0.0,0.0,5
exp_003b,53,agent_00,mimsy,0.721073,0.721072,0.0,0.0,5
exp_003b,53,agent_00,vorpal,0.716356,0.716356,0.0,0.0,5
exp_003b,53,agent_01,slithy,0.630222,0.630222,0.0,0.0,5
exp_003b,53,agent_01,mimsy,0.746996,0.746996,0.0,0.0,5
exp_003b,53,agent_01,vorpal,0.729792,0.729792,0.0,0.0,5
exp_003b,53,agent_02,slithy,0.690002,0.690002,0.0,0.0,5
exp_003b,53,agent_02,mimsy,0.729597,0.729597,0.0,0.0,5
exp_003b,53,agent_02,vorpal,0.72547,0.72547,0.0,0.0,5
exp_003b,54,agent_00,slithy,0.653264,0.653264,0.0,0.0,5
exp_003b,54,agent_00,mimsy,0.721073,0.721072,0.0,0.0,5
exp_003b,54,agent_00,vorpal,0.716356,0.716356,0.0,0.0,5
exp_003b,54,agent_01,slithy,0.630222,0.630222,0.0,0.0,5
exp_003b,54,agent_01,mimsy,0.746996,0.746996,0.0,0.0,5
exp_003b,54,agent_01,vorpal,0.729792,0.729792,0.0,0.0,5
exp_003b,54,agent_02,slithy,0.690002,0.690002,0.0,0.0,5
exp_003b,54,agent_02,mimsy,0.729597,0.729597,0.0,0.0,5
exp_003b,54,agent_02,vorpal,0.72547,0.72547,0.0,0.0,5
exp_003b,55,agent_00,slithy,0.653264,0.653264,0.0,0.0,5
exp_003b,55,agent_00,mimsy,0.721073,0.721072,0.0,0.0,5
exp_003b,55,agent_00,vorpal,0.716356,0.716356,0.0,0.0,5
exp_003b,55,agent_01,slithy,0.630222,0.630222,0.0,0.0,5
exp_003b,55,agent_01,mimsy,0.746996,0.746996,0.0,0.0,5
exp_003b,55,agent_01,vorpal,0.729792,0.729792,0.0,0.0,5
exp_003b,55,agent_02,slithy,0.690002,0.690002,0.0,0.0,5
exp_003b,55,agent_02,mimsy,0.729597,0.729597,0.0,0.0,5
exp_003b,55,agent_02,vorpal,0.72547,0.72547,0.0,0.0,5
exp_003b,56,agent_00,slithy,0.653264,0.653264,0.0,0.0,5
exp_003b,56,agent_00,mimsy,0.721073,0.721072,0.0,0.0,5
exp_003b,56,agent_00,vorpal,0.716356,0.716356,0.0,0.0,5
exp_003b,56,agent_01,slithy,0.630222,0.630222,0.0,0.0,5
exp_003b,56,agent_01,mimsy,0.746996,0.746996,0.0,0.0,5
exp_003b,56,agent_01,vorpal,0.729792,0.729792,0.0,0.0,5
exp_003b,56,agent_02,slithy,0.690002,0.690002,0.0,0.0,5
exp_003b,56,agent_02,mimsy,0.729597,0.729597,0.0,0.0,5
exp_003b,56,agent_02,vorpal,0.72547,0.72547,0.0,0.0,5
exp_003b,57,agent_00,slithy,0.653264,0.653264,0.0,0.0,5
exp_003b,57,agent_00,mimsy,0.721073,0.721072,0.0,0.0,5
exp_003b,57,agent_00,vorpal,0.716356,0.716356,0.0,0.0,5
exp_003b,57,agent_01,slithy,0.630222,0.630222,0.0,0.0,5
exp_003b,57,agent_01,mimsy,0.746996,0.746996,0.0,0.0,5
exp_003b,57,agent_01,vorpal,0.729792,0.729792,0.0,0.0,5
exp_003b,57,agent_02,slithy,0.690002,0.690002,0.0,0.0,5
exp_003b,57,agent_02,mimsy,0.729597,0.729597,0.0,0.0,5
exp_003b,57,agent_02,vorpal,0.72547,0.72547,0.0,0.0,5
exp_003b,58,agent_00,slithy,0.653264,0.653264,0.0,0.0,5
exp_003b,58,agent_00,mimsy,0.721073,0.721072,0.0,0.0,5
exp_003b,58,agent_00,vorpal,0.716356,0.716356,0.0,0.0,5
exp_003b,58,agent_01,slithy,0.630222,0.630222,0.0,0.0,5
exp_003b,58,agent_01,mimsy,0.746996,0.746996,0.0,0.0,5
exp_003b,58,agent_01,vorpal,0.729792,0.729792,0.0,0.0,5
exp_003b,58,agent_02,slithy,0.690002,0.690002,0.0,0.0,5
exp_003b,58,agent_02,mimsy,0.729597,0.729597,0.0,0.0,5
exp_003b,58,agent_02,vorpal,0.72547,0.72547,0.0,0.0,5
exp_003b,59,agent_00,slithy,0.653264,0.653264,0.0,0.0,5
exp_003b,59,agent_00,mimsy,0.721073,0.721072,0.0,0.0,5
exp_003b,59,agent_00,vorpal,0.716356,0.716356,0.0,0.0,5
exp_003b,59,agent_01,slithy,0.630222,0.630222,0.0,0.0,5
exp_003b,59,agent_01,mimsy,0.746996,0.746996,0.0,0.0,5
exp_003b,59,agent_01,vorpal,0.729792,0.729792,0.0,0.0,5
exp_003b,59,agent_02,slithy,0.690002,0.690002,0.0,0.0,5
exp_003b,59,agent_02,mimsy,0.729597,0.729597,0.0,0.0,5
exp_003b,59,agent_02,vorpal,0.72547,0.72547,0.0,0.0,5
exp_003b,60,agent_00,slithy,0.653264,0.653264,0.0,0.0,5
exp_003b,60,agent_00,mimsy,0.721073,0.721072,0.0,0.0,5
exp_003b,60,agent_00,vorpal,0.716356,0.716356,0.0,0.0,5
exp_003b,60,agent_01,slithy,0.630222,0.630222,0.0,0.0,5
exp_003b,60,agent_01,mimsy,0.746996,0.746996,0.0,0.0,5
exp_003b,60,agent_01,vorpal,0.729792,0.729792,0.0,0.0,5
exp_003b,60,agent_02,slithy,0.690002,0.690002,0.0,0.0,5
exp_003b,60,agent_02,mimsy,0.729597,0.729597,0.0,0.0,5
exp_003b,60,agent_02,vorpal,0.72547,0.72547,0.0,0.0,5
exp_003b,61,agent_00,slithy,0.653264,0.653264,0.0,0.0,5
exp_003b,61,agent_00,mimsy,0.721073,0.721072,0.0,0.0,5
exp_003b,61,agent_00,vorpal,0.716356,0.716356,0.0,0.0,5
exp_003b,61,agent_01,slithy,0.630222,0.630222,0.0,0.0,5
exp_003b,61,agent_01,mimsy,0.746996,0.746996,0.0,0.0,5
exp_003b,61,agent_01,vorpal,0.729792,0.729792,0.0,0.0,5
exp_003b,61,agent_02,slithy,0.690002,0.690002,0.0,0.0,5
exp_003b,61,agent_02,mimsy,0.729597,0.729597,0.0,0.0,5
exp_003b,61,agent_02,vorpal,0.72547,0.72547,0.0,0.0,5
exp_003b,62,agent_00,slithy,0.653264,0.653264,0.0,0.0,5
exp_003b,62,agent_00,mimsy,0.721073,0.721072,0.0,0.0,5
exp_003b,62,agent_00,vorpal,0.716356,0.716356,0.0,0.0,5
exp_003b,62,agent_01,slithy,0.630222,0.630222,0.0,0.0,5
exp_003b,62,agent_01,mimsy,0.746996,0.746996,0.0,0.0,5
exp_003b,62,agent_01,vorpal,0.729792,0.729792,0.0,0.0,5
exp_003b,62,agent_02,slithy,0.690002,0.690002,0.0,0.0,5
exp_003b,62,agent_02,mimsy,0.729597,0.729597,0.0,0.0,5
exp_003b,62,agent_02,vorpal,0.72547,0.72547,0.0,0.0,5
exp_003b,63,agent_00,slithy,0.653264,0.653264,0.0,0.0,5
exp_003b,63,agent_00,mimsy,0.721073,0.721072,0.0,0.0,5
exp_003b,63,agent_00,vorpal,0.716356,0.716356,0.0,0.0,5
exp_003b,63,agent_01,slithy,0.630222,0.630222,0.0,0.0,5
exp_003b,63,agent_01,mimsy,0.746996,0.746996,0.0,0.0,5
exp_003b,63,agent_01,vorpal,0.729792,0.729792,0.0,0.0,5
exp_003b,63,agent_02,slithy,0.690002,0.690002,0.0,0.0,5
exp_003b,63,agent_02,mimsy,0.729597,0.729597,0.0,0.0,5
exp_003b,63,agent_02,vorpal,0.72547,0.72547,0.0,0.0,5
exp_003b,64,agent_00,slithy,0.653264,0.653264,0.0,0.0,5
exp_003b,64,agent_00,mimsy,0.721073,0.721072,0.0,0.0,5
exp_003b,64,agent_00,vorpal,0.716356,0.716356,0.0,0.0,5
exp_003b,64,agent_01,slithy,0.630222,0.630222,0.0,0.0,5
exp_003b,64,agent_01,mimsy,0.746996,0.746996,0.0,0.0,5
exp_003b,64,agent_01,vorpal,0.729792,0.729792,0.0,0.0,5
exp_003b,64,agent_02,slithy,0.690002,0.690002,0.0,0.0,5
exp_003b,64,agent_02,mimsy,0.729597,0.729597,0.0,0.0,5
exp_003b,64,agent_02,vorpal,0.72547,0.72547,0.0,0.0,5
exp_003b,65,agent_00,slithy,0.653264,0.653264,0.0,0.0,5
exp_003b,65,agent_00,mimsy,0.721073,0.721072,0.0,0.0,5
exp_003b,65,agent_00,vorpal,0.716356,0.716356,0.0,0.0,5
exp_003b,65,agent_01,slithy,0.630222,0.630222,0.0,0.0,5
exp_003b,65,agent_01,mimsy,0.746996,0.746996,0.0,0.0,5
exp_003b,65,agent_01,vorpal,0.729792,0.729792,0.0,0.0,5
exp_003b,65,agent_02,slithy,0.690002,0.690002,0.0,0.0,5
exp_003b,65,agent_02,mimsy,0.729597,0.729597,0.0,0.0,5
exp_003b,65,agent_02,vorpal,0.72547,0.72547,0.0,0.0,5
exp_003b,66,agent_00,slithy,0.653264,0.653264,0.0,0.0,5
exp_003b,66,agent_00,mimsy,0.721073,0.721072,0.0,0.0,5
exp_003b,66,agent_00,vorpal,0.716356,0.716356,0.0,0.0,5
exp_003b,66,agent_01,slithy,0.630222,0.630222,0.0,0.0,5
exp_003b,66,agent_01,mimsy,0.746996,0.746996,0.0,0.0,5
exp_003b,66,agent_01,vorpal,0.729792,0.729792,0.0,0.0,5
exp_003b,66,agent_02,slithy,0.690002,0.690002,0.0,0.0,5
exp_003b,66,agent_02,mimsy,0.729597,0.729597,0.0,0.0,5
exp_003b,66,agent_02,vorpal,0.72547,0.72547,0.0,0.0,5
exp_003b,67,agent_00,slithy,0.653264,0.653264,0.0,0.0,5
exp_003b,67,agent_00,mimsy,0.721073,0.721072,0.0,0.0,5
exp_003b,67,agent_00,vorpal,0.716356,0.716356,0.0,0.0,5
exp_003b,67,agent_01,slithy,0.630222,0.630222,0.0,0.0,5
exp_003b,67,agent_01,mimsy,0.746996,0.746996,0.0,0.0,5
exp_003b,67,agent_01,vorpal,0.729792,0.729792,0.0,0.0,5
exp_003b,67,agent_02,slithy,0.690002,0.690002,0.0,0.0,5
exp_003b,67,agent_02,mimsy,0.729597,0.729597,0.0,0.0,5
exp_003b,67,agent_02,vorpal,0.72547,0.72547,0.0,0.0,5
exp_003b,68,agent_00,slithy,0.653264,0.653264,0.0,0.0,5
exp_003b,68,agent_00,mimsy,0.721073,0.721072,0.0,0.0,5
exp_003b,68,agent_00,vorpal,0.716356,0.716356,0.0,0.0,5
exp_003b,68,agent_01,slithy,0.630222,0.630222,0.0,0.0,5
exp_003b,68,agent_01,mimsy,0.746996,0.746996,0.0,0.0,5
exp_003b,68,agent_01,vorpal,0.729792,0.729792,0.0,0.0,5
exp_003b,68,agent_02,slithy,0.690002,0.690002,0.0,0.0,5
exp_003b,68,agent_02,mimsy,0.729597,0.729597,0.0,0.0,5
exp_003b,68,agent_02,vorpal,0.72547,0.72547,0.0,0.0,5
exp_003b,69,agent_00,slithy,0.653264,0.653264,0.0,0.0,5
exp_003b,69,agent_00,mimsy,0.721073,0.721072,0.0,0.0,5
exp_003b,69,agent_00,vorpal,0.716356,0.716356,0.0,0.0,5
exp_003b,69,agent_01,slithy,0.630222,0.630222,0.0,0.0,5
exp_003b,69,agent_01,mimsy,0.746996,0.746996,0.0,0.0,5
exp_003b,69,agent_01,vorpal,0.729792,0.729792,0.0,0.0,5
exp_003b,69,agent_02,slithy,0.690002,0.690002,0.0,0.0,5
exp_003b,69,agent_02,mimsy,0.729597,0.729597,0.0,0.0,5
exp_003b,69,agent_02,vorpal,0.72547,0.72547,0.0,0.0,5
exp_003b,70,agent_00,slithy,0.653264,0.653264,0.0,0.0,5
exp_003b,70,agent_00,mimsy,0.721073,0.721072,0.0,0.0,5
exp_003b,70,agent_00,vorpal,0.716356,0.716356,0.0,0.0,5
exp_003b,70,agent_01,slithy,0.630222,0.630222,0.0,0.0,5
exp_003b,70,agent_01,mimsy,0.746996,0.746996,0.0,0.0,5
exp_003b,70,agent_01,vorpal,0.729792,0.729792,0.0,0.0,5
exp_003b,70,agent_02,slithy,0.690002,0.690002,0.0,0.0,5
exp_003b,70,agent_02,mimsy,0.729597,0.729597,0.0,0.0,5
exp_003b,70,agent_02,vorpal,0.72547,0.72547,0.0,0.0,5
exp_003b,71,agent_00,slithy,0.653264,0.653264,0.0,0.0,5
exp_003b,71,agent_00,mimsy,0.721073,0.721072,0.0,0.0,5
exp_003b,71,agent_00,vorpal,0.716356,0.716356,0.0,0.0,5
exp_003b,71,agent_01,slithy,0.630222,0.630222,0.0,0.0,5
exp_003b,71,agent_01,mimsy,0.746996,0.746996,0.0,0.0,5
exp_003b,71,agent_01,vorpal,0.729792,0.729792,0.0,0.0,5
exp_003b,71,agent_02,slithy,0.690002,0.690002,0.0,0.0,5
exp_003b,71,agent_02,mimsy,0.729597,0.729597,0.0,0.0,5
exp_003b,71,agent_02,vorpal,0.72547,0.72547,0.0,0.0,5
exp_003b,72,agent_00,slithy,0.653264,0.653264,0.0,0.0,5
exp_003b,72,agent_00,mimsy,0.721073,0.721072,0.0,0.0,5
exp_003b,72,agent_00,vorpal,0.716356,0.716356,0.0,0.0,5
exp_003b,72,agent_01,slithy,0.630222,0.630222,0.0,0.0,5
exp_003b,72,agent_01,mimsy,0.746996,0.746996,0.0,0.0,5
exp_003b,72,agent_01,vorpal,0.729792,0.729792,0.0,0.0,5
exp_003b,72,agent_02,slithy,0.690002,0.690002,0.0,0.0,5
exp_003b,72,agent_02,mimsy,0.729597,0.729597,0.0,0.0,5
exp_003b,72,agent_02,vorpal,0.72547,0.72547,0.0,0.0,5
exp_003b,73,agent_00,slithy,0.653264,0.653264,0.0,0.0,5
exp_003b,73,agent_00,mimsy,0.721073,0.721072,0.0,0.0,5
exp_003b,73,agent_00,vorpal,0.716356,0.716356,0.0,0.0,5
exp_003b,73,agent_01,slithy,0.630222,0.630222,0.0,0.0,5
exp_003b,73,agent_01,mimsy,0.746996,0.746996,0.0,0.0,5
exp_003b,73,agent_01,vorpal,0.729792,0.729792,0.0,0.0,5
exp_003b,73,agent_02,slithy,0.690002,0.690002,0.0,0.0,5
exp_003b,73,agent_02,mimsy,0.729597,0.729597,0.0,0.0,5
exp_003b,73,agent_02,vorpal,0.72547,0.72547,0.0,0.0,5
exp_003b,74,agent_00,slithy,0.653264,0.653264,0.0,0.0,5
exp_003b,74,agent_00,mimsy,0.721073,0.721072,0.0,0.0,5
exp_003b,74,agent_00,vorpal,0.716356,0.716356,0.0,0.0,5
exp_003b,74,agent_01,slithy,0.630222,0.630222,0.0,0.0,5
exp_003b,74,agent_01,mimsy,0.746996,0.746996,0.0,0.0,5
exp_003b,74,agent_01,vorpal,0.729792,0.729792,0.0,0.0,5
exp_003b,74,agent_02,slithy,0.690002,0.690002,0.0,0.0,5
exp_003b,74,agent_02,mimsy,0.729597,0.729597,0.0,0.0,5
exp_003b,74,agent_02,vorpal,0.72547,0.72547,0.0,0.0,5
exp_003b,75,agent_00,slithy,0.653264,0.653264,0.0,0.0,5
exp_003b,75,agent_00,mimsy,0.721073,0.721072,0.0,0.0,5
exp_003b,75,agent_00,vorpal,0.716356,0.716356,0.0,0.0,5
exp_003b,75,agent_01,slithy,0.630222,0.630222,0.0,0.0,5
exp_003b,75,agent_01,mimsy,0.746996,0.746996,0.0,0.0,5
exp_003b,75,agent_01,vorpal,0.729792,0.729792,0.0,0.0,5
exp_003b,75,agent_02,slithy,0.690002,0.690002,0.0,0.0,5
exp_003b,75,agent_02,mimsy,0.729597,0.729597,0.0,0.0,5
exp_003b,75,agent_02,vorpal,0.72547,0.72547,0.0,0.0,5
exp_003b,76,agent_00,slithy,0.653264,0.653264,0.0,0.0,5
exp_003b,76,agent_00,mimsy,0.721073,0.721072,0.0,0.0,5
exp_003b,76,agent_00,vorpal,0.716356,0.716356,0.0,0.0,5
exp_003b,76,agent_01,slithy,0.630222,0.630222,0.0,0.0,5
exp_003b,76,agent_01,mimsy,0.746996,0.746996,0.0,0.0,5
exp_003b,76,agent_01,vorpal,0.729792,0.729792,0.0,0.0,5
exp_003b,76,agent_02,slithy,0.690002,0.690002,0.0,0.0,5
exp_003b,76,agent_02,mimsy,0.729597,0.729597,0.0,0.0,5
exp_003b,76,agent_02,vorpal,0.72547,0.72547,0.0,0.0,5
exp_003b,77,agent_00,slithy,0.653264,0.653264,0.0,0.0,5
exp_003b,77,agent_00,mimsy,0.721073,0.721072,0.0,0.0,5
exp_003b,77,agent_00,vorpal,0.716356,0.716356,0.0,0.0,5
exp_003b,77,agent_01,slithy,0.630222,0.630222,0.0,0.0,5
exp_003b,77,agent_01,mimsy,0.746996,0.746996,0.0,0.0,5
exp_003b,77,agent_01,vorpal,0.729792,0.729792,0.0,0.0,5
exp_003b,77,agent_02,slithy,0.690002,0.690002,0.0,0.0,5
exp_003b,77,agent_02,mimsy,0.729597,0.729597,0.0,0.0,5
exp_003b,77,agent_02,vorpal,0.72547,0.72547,0.0,0.0,5
exp_003b,78,agent_00,slithy,0.653264,0.653264,0.0,0.0,5
exp_003b,78,agent_00,mimsy,0.721073,0.721072,0.0,0.0,5
exp_003b,78,agent_00,vorpal,0.716356,0.716356,0.0,0.0,5
exp_003b,78,agent_01,slithy,0.630222,0.630222,0.0,0.0,5
exp_003b,78,agent_01,mimsy,0.746996,0.746996,0.0,0.0,5
exp_003b,78,agent_01,vorpal,0.729792,0.729792,0.0,0.0,5
exp_003b,78,agent_02,slithy,0.690002,0.690002,0.0,0.0,5
exp_003b,78,agent_02,mimsy,0.729597,0.729597,0.0,0.0,5
exp_003b,78,agent_02,vorpal,0.72547,0.72547,0.0,0.0,5
exp_003b,79,agent_00,slithy,0.653264,0.653264,0.0,0.0,5
exp_003b,79,agent_00,mimsy,0.721073,0.721072,0.0,0.0,5
exp_003b,79,agent_00,vorpal,0.716356,0.716356,0.0,0.0,5
exp_003b,79,agent_01,slithy,0.630222,0.630222,0.0,0.0,5
exp_003b,79,agent_01,mimsy,0.746996,0.746996,0.0,0.0,5
exp_003b,79,agent_01,vorpal,0.729792,0.729792,0.0,0.0,5
exp_003b,79,agent_02,slithy,0.690002,0.690002,0.0,0.0,5
exp_003b,79,agent_02,mimsy,0.729597,0.729597,0.0,0.0,5
exp_003b,79,agent_02,vorpal,0.72547,0.72547,0.0,0.0,5
exp_003b,80,agent_00,slithy,0.653264,0.653264,0.0,0.0,5
exp_003b,80,agent_00,mimsy,0.721073,0.721072,0.0,0.0,5
exp_003b,80,agent_00,vorpal,0.716356,0.716356,0.0,0.0,5
exp_003b,80,agent_01,slithy,0.630222,0.630222,0.0,0.0,5
exp_003b,80,agent_01,mimsy,0.746996,0.746996,0.0,0.0,5
exp_003b,80,agent_01,vorpal,0.729792,0.729792,0.0,0.0,5
exp_003b,80,agent_02,slithy,0.690002,0.690002,0.0,0.0,5
exp_003b,80,agent_02,mimsy,0.729597,0.729597,0.0,0.0,5
exp_003b,80,agent_02,vorpal,0.72547,0.72547,0.0,0.0,5
exp_003b,81,agent_00,slithy,0.653264,0.653264,0.0,0.0,5
exp_003b,81,agent_00,mimsy,0.721073,0.721072,0.0,0.0,5
exp_003b,81,agent_00,vorpal,0.716356,0.716356,0.0,0.0,5
exp_003b,81,agent_01,slithy,0.630222,0.630222,0.0,0.0,5
exp_003b,81,agent_01,mimsy,0.746996,0.746996,0.0,0.0,5
exp_003b,81,agent_01,vorpal,0.729792,0.729792,0.0,0.0,5
exp_003b,81,agent_02,slithy,0.690002,0.690002,0.0,0.0,5
exp_003b,81,agent_02,mimsy,0.729597,0.729597,0.0,0.0,5
exp_003b,81,agent_02,vorpal,0.72547,0.72547,0.0,0.0,5
exp_003b,82,agent_00,slithy,0.653264,0.653264,0.0,0.0,5
exp_003b,82,agent_00,mimsy,0.721073,0.721072,0.0,0.0,5
exp_003b,82,agent_00,vorpal,0.716356,0.716356,0.0,0.0,5
exp_003b,82,agent_01,slithy,0.630222,0.630222,0.0,0.0,5
exp_003b,82,agent_01,mimsy,0.746996,0.746996,0.0,0.0,5
exp_003b,82,agent_01,vorpal,0.729792,0.729792,0.0,0.0,5
exp_003b,82,agent_02,slithy,0.690002,0.690002,0.0,0.0,5
exp_003b,82,agent_02,mimsy,0.729597,0.729597,0.0,0.0,5
exp_003b,82,agent_02,vorpal,0.72547,0.72547,0.0,0.0,5
exp_003b,83,agent_00,slithy,0.653264,0.653264,0.0,0.0,5
exp_003b,83,agent_00,mimsy,0.721073,0.721072,0.0,0.0,5
exp_003b,83,agent_00,vorpal,0.716356,0.716356,0.0,0.0,5
exp_003b,83,agent_01,slithy,0.630222,0.630222,0.0,0.0,5
exp_003b,83,agent_01,mimsy,0.746996,0.746996,0.0,0.0,5
exp_003b,83,agent_01,vorpal,0.729792,0.729792,0.0,0.0,5
exp_003b,83,agent_02,slithy,0.690002,0.690002,0.0,0.0,5
exp_003b,83,agent_02,mimsy,0.729597,0.729597,0.0,0.0,5
exp_003b,83,agent_02,vorpal,0.72547,0.72547,0.0,0.0,5
exp_003b,84,agent_00,slithy,0.653264,0.653264,0.0,0.0,5
exp_003b,84,agent_00,mimsy,0.721073,0.721072,0.0,0.0,5
exp_003b,84,agent_00,vorpal,0.716356,0.716356,0.0,0.0,5
exp_003b,84,agent_01,slithy,0.630222,0.630222,0.0,0.0,5
exp_003b,84,agent_01,mimsy,0.746996,0.746996,0.0,0.0,5
exp_003b,84,agent_01,vorpal,0.729792,0.729792,0.0,0.0,5
exp_003b,84,agent_02,slithy,0.690002,0.690002,0.0,0.0,5
exp_003b,84,agent_02,mimsy,0.729597,0.729597,0.0,0.0,5
exp_003b,84,agent_02,vorpal,0.72547,0.72547,0.0,0.0,5
exp_003b,85,agent_00,slithy,0.653264,0.653264,0.0,0.0,5
exp_003b,85,agent_00,mimsy,0.721073,0.721072,0.0,0.0,5
exp_003b,85,agent_00,vorpal,0.716356,0.716356,0.0,0.0,5
exp_003b,85,agent_01,slithy,0.630222,0.630222,0.0,0.0,5
exp_003b,85,agent_01,mimsy,0.746996,0.746996,0.0,0.0,5
exp_003b,85,agent_01,vorpal,0.729792,0.729792,0.0,0.0,5
exp_003b,85,agent_02,slithy,0.690002,0.690002,0.0,0.0,5
exp_003b,85,agent_02,mimsy,0.729597,0.729597,0.0,0.0,5
exp_003b,85,agent_02,vorpal,0.72547,0.72547,0.0,0.0,5
exp_003b,86,agent_00,slithy,0.653264,0.653264,0.0,0.0,5
exp_003b,86,agent_00,mimsy,0.721073,0.721072,0.0,0.0,5
exp_003b,86,agent_00,vorpal,0.716356,0.716356,0.0,0.0,5
exp_003b,86,agent_01,slithy,0.630222,0.630222,0.0,0.0,5
exp_003b,86,agent_01,mimsy,0.746996,0.746996,0.0,0.0,5
exp_003b,86,agent_01,vorpal,0.729792,0.729792,0.0,0.0,5
exp_003b,86,agent_02,slithy,0.690002,0.690002,0.0,0.0,5
exp_003b,86,agent_02,mimsy,0.729597,0.729597,0.0,0.0,5
exp_003b,86,agent_02,vorpal,0.72547,0.72547,0.0,0.0,5
exp_003b,87,agent_00,slithy,0.653264,0.653264,0.0,0.0,5
exp_003b,87,agent_00,mimsy,0.721073,0.721072,0.0,0.0,5
exp_003b,87,agent_00,vorpal,0.716356,0.716356,0.0,0.0,5
exp_003b,87,agent_01,slithy,0.630222,0.630222,0.0,0.0,5
exp_003b,87,agent_01,mimsy,0.746996,0.746996,0.0,0.0,5
exp_003b,87,agent_01,vorpal,0.729792,0.729792,0.0,0.0,5
exp_003b,87,agent_02,slithy,0.690002,0.690002,0.0,0.0,5
exp_003b,87,agent_02,mimsy,0.729597,0.729597,0.0,0.0,5
exp_003b,87,agent_02,vorpal,0.72547,0.72547,0.0,0.0,5
exp_003b,88,agent_00,slithy,0.653264,0.653264,0.0,0.0,5
exp_003b,88,agent_00,mimsy,0.721073,0.721072,0.0,0.0,5
exp_003b,88,agent_00,vorpal,0.716356,0.716356,0.0,0.0,5
exp_003b,88,agent_01,slithy,0.630222,0.630222,0.0,0.0,5
exp_003b,88,agent_01,mimsy,0.746996,0.746996,0.0,0.0,5
exp_003b,88,agent_01,vorpal,0.729792,0.729792,0.0,0.0,5
exp_003b,88,agent_02,slithy,0.690002,0.690002,0.0,0.0,5
exp_003b,88,agent_02,mimsy,0.729597,0.729597,0.0,0.0,5
exp_003b,88,agent_02,vorpal,0.72547,0.72547,0.0,0.0,5
exp_003b,89,agent_00,slithy,0.653264,0.653264,0.0,0.0,5
exp_003b,89,agent_00,mimsy,0.721073,0.721072,0.0,0.0,5
exp_003b,89,agent_00,vorpal,0.716356,0.716356,0.0,0.0,5
exp_003b,89,agent_01,slithy,0.630222,0.630222,0.0,0.0,5
exp_003b,89,agent_01,mimsy,0.746996,0.746996,0.0,0.0,5
exp_003b,89,agent_01,vorpal,0.729792,0.729792,0.0,0.0,5
exp_003b,89,agent_02,slithy,0.690002,0.690002,0.0,0.0,5
exp_003b,89,agent_02,mimsy,0.729597,0.729597,0.0,0.0,5
exp_003b,89,agent_02,vorpal,0.72547,0.72547,0.0,0.0,5
exp_003b,90,agent_00,slithy,0.653264,0.653264,0.0,0.0,5
exp_003b,90,agent_00,mimsy,0.721073,0.721072,0.0,0.0,5
exp_003b,90,agent_00,vorpal,0.716356,0.716356,0.0,0.0,5
exp_003b,90,agent_01,slithy,0.630222,0.630222,0.0,0.0,5
exp_003b,90,agent_01,mimsy,0.746996,0.746996,0.0,0.0,5
exp_003b,90,agent_01,vorpal,0.729792,0.729792,0.0,0.0,5
exp_003b,90,agent_02,slithy,0.690002,0.690002,0.0,0.0,5
exp_003b,90,agent_02,mimsy,0.729597,0.729597,0.0,0.0,5
exp_003b,90,agent_02,vorpal,0.72547,0.72547,0.0,0.0,5
exp_003b,91,agent_00,slithy,0.653264,0.653264,0.0,0.0,5
exp_003b,91,agent_00,mimsy,0.721073,0.721072,0.0,0.0,5
exp_003b,91,agent_00,vorpal,0.716356,0.716356,0.0,0.0,5
exp_003b,91,agent_01,slithy,0.630222,0.630222,0.0,0.0,5
exp_003b,91,agent_01,mimsy,0.746996,0.746996,0.0,0.0,5
exp_003b,91,agent_01,vorpal,0.729792,0.729792,0.0,0.0,5
exp_003b,91,agent_02,slithy,0.690002,0.690002,0.0,0.0,5
exp_003b,91,agent_02,mimsy,0.729597,0.729597,0.0,0.0,5
exp_003b,91,agent_02,vorpal,0.72547,0.72547,0.0,0.0,5
exp_003b,92,agent_00,slithy,0.653264,0.653264,0.0,0.0,5
exp_003b,92,agent_00,mimsy,0.721073,0.721072,0.0,0.0,5
exp_003b,92,agent_00,vorpal,0.716356,0.716356,0.0,0.0,5
exp_003b,92,agent_01,slithy,0.630222,0.630222,0.0,0.0,5
exp_003b,92,agent_01,mimsy,0.746996,0.746996,0.0,0.0,5
exp_003b,92,agent_01,vorpal,0.729792,0.729792,0.0,0.0,5
exp_003b,92,agent_02,slithy,0.690002,0.690002,0.0,0.0,5
exp_003b,92,agent_02,mimsy,0.729597,0.729597,0.0,0.0,5
exp_003b,92,agent_02,vorpal,0.72547,0.72547,0.0,0.0,5
exp_003b,93,agent_00,slithy,0.653264,0.653264,0.0,0.0,5
exp_003b,93,agent_00,mimsy,0.721073,0.721072,0.0,0.0,5
exp_003b,93,agent_00,vorpal,0.716356,0.716356,0.0,0.0,5
exp_003b,93,agent_01,slithy,0.630222,0.630222,0.0,0.0,5
exp_003b,93,agent_01,mimsy,0.746996,0.746996,0.0,0.0,5
exp_003b,93,agent_01,vorpal,0.729792,0.729792,0.0,0.0,5
exp_003b,93,agent_02,slithy,0.690002,0.690002,0.0,0.0,5
exp_003b,93,agent_02,mimsy,0.729597,0.729597,0.0,0.0,5
exp_003b,93,agent_02,vorpal,0.72547,0.72547,0.0,0.0,5
exp_003b,94,agent_00,slithy,0.653264,0.653264,0.0,0.0,5
exp_003b,94,agent_00,mimsy,0.721073,0.721072,0.0,0.0,5
exp_003b,94,agent_00,vorpal,0.716356,0.716356,0.0,0.0,5
exp_003b,94,agent_01,slithy,0.630222,0.630222,0.0,0.0,5
exp_003b,94,agent_01,mimsy,0.746996,0.746996,0.0,0.0,5
exp_003b,94,agent_01,vorpal,0.729792,0.729792,0.0,0.0,5
exp_003b,94,agent_02,slithy,0.690002,0.690002,0.0,0.0,5
exp_003b,94,agent_02,mimsy,0.729597,0.729597,0.0,0.0,5
exp_003b,94,agent_02,vorpal,0.72547,0.72547,0.0,0.0,5
exp_003b,95,agent_00,slithy,0.653264,0.653264,0.0,0.0,5
exp_003b,95,agent_00,mimsy,0.721073,0.721072,0.0,0.0,5
exp_003b,95,agent_00,vorpal,0.716356,0.716356,0.0,0.0,5
exp_003b,95,agent_01,slithy,0.630222,0.630222,0.0,0.0,5
exp_003b,95,agent_01,mimsy,0.746996,0.746996,0.0,0.0,5
exp_003b,95,agent_01,vorpal,0.729792,0.729792,0.0,0.0,5
exp_003b,95,agent_02,slithy,0.690002,0.690002,0.0,0.0,5
exp_003b,95,agent_02,mimsy,0.729597,0.729597,0.0,0.0,5
exp_003b,95,agent_02,vorpal,0.72547,0.72547,0.0,0.0,5
exp_003b,96,agent_00,slithy,0.653264,0.653264,0.0,0.0,5
exp_003b,96,agent_00,mimsy,0.721073,0.721072,0.0,0.0,5
exp_003b,96,agent_00,vorpal,0.716356,0.716356,0.0,0.0,5
exp_003b,96,agent_01,slithy,0.630222,0.630222,0.0,0.0,5
exp_003b,96,agent_01,mimsy,0.746996,0.746996,0.0,0.0,5
exp_003b,96,agent_01,vorpal,0.729792,0.729792,0.0,0.0,5
exp_003b,96,agent_02,slithy,0.690002,0.690002,0.0,0.0,5
exp_003b,96,agent_02,mimsy,0.729597,0.729597,0.0,0.0,5
exp_003b,96,agent_02,vorpal,0.72547,0.72547,0.0,0.0,5
exp_003b,97,agent_00,slithy,0.653264,0.653264,0.0,0.0,5
exp_003b,97,agent_00,mimsy,0.721073,0.721072,0.0,0.0,5
exp_003b,97,agent_00,vorpal,0.716356,0.716356,0.0,0.0,5
exp_003b,97,agent_01,slithy,0.630222,0.630222,0.0,0.0,5
exp_003b,97,agent_01,mimsy,0.746996,0.746996,0.0,0.0,5
exp_003b,97,agent_01,vorpal,0.729792,0.729792,0.0,0.0,5
exp_003b,97,agent_02,slithy,0.690002,0.690002,0.0,0.0,5
exp_003b,97,agent_02,mimsy,0.729597,0.729597,0.0,0.0,5
exp_003b,97,agent_02,vorpal,0.72547,0.72547,0.0,0.0,5
exp_003b,98,agent_00,slithy,0.653264,0.653264,0.0,0.0,5
exp_003b,98,agent_00,mimsy,0.721073,0.721072,0.0,0.0,5
exp_003b,98,agent_00,vorpal,0.716356,0.716356,0.0,0.0,5
exp_003b,98,agent_01,slithy,0.630222,0.630222,0.0,0.0,5
exp_003b,98,agent_01,mimsy,0.746996,0.746996,0.0,0.0,5
exp_003b,98,agent_01,vorpal,0.729792,0.729792,0.0,0.0,5
exp_003b,98,agent_02,slithy,0.690002,0.690002,0.0,0.0,5
exp_003b,98,agent_02,mimsy,0.729597,0.729597,0.0,0.0,5
exp_003b,98,agent_02,vorpal,0.72547,0.72547,0.0,0.0,5
exp_003b,99,agent_00,slithy,0.653264,0.653264,0.0,0.0,5
exp_003b,99,agent_00,mimsy,0.721073,0.721072,0.0,0.0,5
exp_003b,99,agent_00,vorpal,0.716356,0.716356,0.0,0.0,5
exp_003b,99,agent_01,slithy,0.630222,0.630222,0.0,0.0,5
exp_003b,99,agent_01,mimsy,0.746996,0.746996,0.0,0.0,5
exp_003b,99,agent_01,vorpal,0.729792,0.729792,0.0,0.0,5
exp_003b,99,agent_02,slithy,0.690002,0.690002,0.0,0.0,5
exp_003b,99,agent_02,mimsy,0.729597,0.729597,0.0,0.0,5
exp_003b,99,agent_02,vorpal,0.72547,0.72547,0.0,0.0,5
exp_003b,100,agent_00,slithy,0.653264,0.653264,0.0,0.0,5
exp_003b,100,agent_00,mimsy,0.721073,0.721072,0.0,0.0,5
exp_003b,100,agent_00,vorpal,0.716356,0.716356,0.0,0.0,5
exp_003b,100,agent_01,slithy,0.630222,0.630222,0.0,0.0,5
exp_003b,100,agent_01,mimsy,0.746996,0.746996,0.0,0.0,5
exp_003b,100,agent_01,vorpal,0.729792,0.729792,0.0,0.0,5
exp_003b,100,agent_02,slithy,0.690002,0.690002,0.0,0.0,5
exp_003b,100,agent_02,mimsy,0.729597,0.729597,0.0,0.0,5
exp_003b,100,agent_02,vorpal,0.72547,0.72547,0.0,0.0,5
