regime,round,is_bridge_round,mean_within_cluster_distance,mean_between_cluster_distance,mean_lexical_divergence,shared_held_out_consensus_accuracy,between_cluster_label_agreement,per_cluster_acc_cluster_1,per_cluster_acc_cluster_2
vervet,1,True,0.014016,0.006046,-0.00797,0.9889,1.0,0.9889,0.9889
vervet,2,True,0.012486,0.005075,-0.007411,0.9888,0.9889,0.9889,0.9778
vervet,3,True,0.012486,0.005075,-0.007411,0.9888,0.9889,0.9889,0.9778
vervet,4,True,0.012486,0.005075,-0.007411,0.9888,0.9889,0.9889,0.9778
vervet,5,True,0.012486,0.005075,-0.007411,0.9888,0.9889,0.9889,0.9778
vervet,6,True,0.012486,0.005075,-0.007411,0.9888,0.9889,0.9889,0.9778
vervet,7,True,0.012486,0.005075,-0.007411,0.9888,0.9889,0.9889,0.9778
vervet,8,True,0.012486,0.005075,-0.007411,0.9888,0.9889,0.9889,0.9778
vervet,9,True,0.012486,0.005075,-0.007411,0.9888,0.9889,0.9889,0.9778
vervet,10,True,0.012486,0.005075,-0.007411,0.9888,0.9889,0.9889,0.9778
vervet,11,True,0.012486,0.005075,-0.007411,0.9888,0.9889,0.9889,0.9778
vervet,12,True,0.012486,0.005075,-0.007411,0.9888,0.9889,0.9889,0.9778
vervet,13,True,0.012486,0.005075,-0.007411,0.9888,0.9889,0.9889,0.9778
vervet,14,True,0.012486,0.005075,-0.007411,0.9888,0.9889,0.9889,0.9778
vervet,15,True,0.012486,0.005075,-0.007411,0.9888,0.9889,0.9889,0.9778
vervet,16,True,0.012486,0.005075,-0.007411,0.9888,0.9889,0.9889,0.9778
vervet,17,True,0.012486,0.005075,-0.007411,0.9888,0.9889,0.9889,0.9778
vervet,18,True,0.012486,0.005075,-0.007411,0.9888,0.9889,0.9889,0.9778
vervet,19,True,0.012486,0.005075,-0.007411,0.9888,0.9889,0.9889,0.9778
vervet,20,True,0.012486,0.005075,-0.007411,0.9888,0.9889,0.9889,0.9778
vervet,21,True,0.012486,0.005075,-0.007411,0.9888,0.9889,0.9889,0.9778
vervet,22,True,0.012486,0.005075,-0.007411,0.9888,0.9889,0.9889,0.9778
vervet,23,True,0.012486,0.005075,-0.007411,0.9888,0.9889,0.9889,0.9778
vervet,24,True,0.012486,0.005075,-0.007411,0.9888,0.9889,0.9889,0.9778
vervet,25,True,0.012486,0.005075,-0.007411,0.9888,0.9889,0.9889,0.9778
raven,1,False,0.06518,0.069088,0.003907,0.9886,0.9778,0.9889,0.9667
raven,2,False,0.041556,0.06448,0.022924,0.9888,0.9889,0.9889,0.9778
raven,3,False,0.038629,0.067157,0.028529,0.9888,0.9889,0.9889,0.9778
raven,4,False,0.037527,0.067703,0.030176,0.9888,0.9889,0.9889,0.9778
raven,5,True,0.018246,0.007802,-0.010444,0.9888,0.9889,0.9889,0.9778
raven,6,False,0.017772,0.008513,-0.009258,0.9888,0.9889,0.9889,0.9778
raven,7,False,0.017772,0.008513,-0.009258,0.9888,0.9889,0.9889,0.9778
raven,8,False,0.017157,0.008871,-0.008286,0.9888,0.9889,0.9889,0.9778
raven,9,False,0.017157,0.008871,-0.008286,0.9888,0.9889,0.9889,0.9778
raven,10,True,0.015087,0.007381,-0.007706,0.9889,1.0,0.9889,0.9889
raven,11,False,0.014666,0.007135,-0.007531,0.9889,1.0,0.9889,0.9889
raven,12,False,0.014411,0.007543,-0.006868,0.9889,1.0,0.9889,0.9889
raven,13,False,0.014411,0.007543,-0.006868,0.9889,1.0,0.9889,0.9889
raven,14,False,0.014411,0.007543,-0.006868,0.9889,1.0,0.9889,0.9889
raven,15,True,0.012997,0.00654,-0.006457,0.9888,0.9889,0.9889,0.9778
raven,16,False,0.012997,0.00654,-0.006457,0.9888,0.9889,0.9889,0.9778
raven,17,False,0.012997,0.00654,-0.006457,0.9888,0.9889,0.9889,0.9778
raven,18,False,0.012997,0.00654,-0.006457,0.9888,0.9889,0.9889,0.9778
raven,19,False,0.012997,0.00654,-0.006457,0.9888,0.9889,0.9889,0.9778
raven,20,True,0.013427,0.005629,-0.007798,0.9888,0.9889,0.9889,0.9778
raven,21,False,0.013427,0.005629,-0.007798,0.9888,0.9889,0.9889,0.9778
raven,22,False,0.013427,0.005629,-0.007798,0.9888,0.9889,0.9889,0.9778
raven,23,False,0.013427,0.005629,-0.007798,0.9888,0.9889,0.9889,0.9778
raven,24,False,0.013427,0.005629,-0.007798,0.9888,0.9889,0.9889,0.9778
raven,25,True,0.013427,0.005629,-0.007798,0.9888,0.9889,0.9889,0.9778
latin,1,False,0.190125,0.11765,-0.072475,0.9886,0.9556,0.9667,0.9667
latin,2,False,0.158717,0.112665,-0.046052,0.9888,0.9778,0.9778,0.9778
latin,3,False,0.147779,0.118833,-0.028947,0.9886,0.9667,0.9778,0.9667
latin,4,False,0.139437,0.114983,-0.024454,0.9775,0.9778,0.9778,0.9556
latin,5,False,0.129294,0.116018,-0.013276,0.9775,0.9778,0.9778,0.9556
latin,6,False,0.124274,0.10152,-0.022754,0.9886,0.9778,0.9889,0.9667
latin,7,False,0.121676,0.100282,-0.021394,0.9886,0.9778,0.9889,0.9667
latin,8,False,0.1112,0.094081,-0.017119,0.9886,0.9778,0.9889,0.9667
latin,9,False,0.1112,0.094081,-0.017119,0.9886,0.9778,0.9889,0.9667
latin,10,False,0.109968,0.093002,-0.016966,0.9886,0.9778,0.9889,0.9667
latin,11,False,0.109968,0.093002,-0.016966,0.9886,0.9778,0.9889,0.9667
latin,12,False,0.109187,0.09261,-0.016578,0.9886,0.9778,0.9889,0.9667
latin,13,False,0.109187,0.09261,-0.016578,0.9886,0.9778,0.9889,0.9667
latin,14,False,0.10723,0.091704,-0.015526,0.9886,0.9778,0.9889,0.9667
latin,15,False,0.10723,0.091704,-0.015526,0.9886,0.9778,0.9889,0.9667
latin,16,False,0.10723,0.091704,-0.015526,0.9886,0.9778,0.9889,0.9667
latin,17,False,0.10512,0.087478,-0.017642,0.9886,0.9778,0.9889,0.9667
latin,18,False,0.102188,0.086489,-0.015699,0.9775,0.9778,0.9889,0.9667
latin,19,False,0.102188,0.086489,-0.015699,0.9775,0.9778,0.9889,0.9667
latin,20,False,0.102188,0.086489,-0.015699,0.9775,0.9778,0.9889,0.9667
latin,21,False,0.102742,0.083605,-0.019137,0.9775,0.9778,0.9889,0.9667
latin,22,False,0.102742,0.083605,-0.019137,0.9775,0.9778,0.9889,0.9667
latin,23,False,0.097927,0.084653,-0.013274,0.9775,0.9778,0.9889,0.9667
latin,24,False,0.096153,0.08556,-0.010593,0.9886,0.9778,0.9889,0.9667
latin,25,False,0.088259,0.078455,-0.009804,0.9886,0.9778,0.9889,0.9667
