regime,round,cluster_id,label,n_agents_with_centroid,within_cluster_distance
vervet,1,cluster_1,slithy,3,0.0184466
vervet,1,cluster_1,mimsy,3,0.01209726
vervet,1,cluster_1,vorpal,3,0.01810833
vervet,1,cluster_2,slithy,3,0.01294893
vervet,1,cluster_2,mimsy,3,0.0114737
vervet,1,cluster_2,vorpal,3,0.01102295
vervet,2,cluster_1,slithy,3,0.0133454
vervet,2,cluster_1,mimsy,3,0.01138886
vervet,2,cluster_1,vorpal,3,0.01542201
vervet,2,cluster_2,slithy,3,0.01294893
vervet,2,cluster_2,mimsy,3,0.0107849
vervet,2,cluster_2,vorpal,3,0.01102295
vervet,3,cluster_1,slithy,3,0.0133454
vervet,3,cluster_1,mimsy,3,0.01138886
vervet,3,cluster_1,vorpal,3,0.01542201
vervet,3,cluster_2,slithy,3,0.01294893
vervet,3,cluster_2,mimsy,3,0.0107849
vervet,3,cluster_2,vorpal,3,0.01102295
vervet,4,cluster_1,slithy,3,0.0133454
vervet,4,cluster_1,mimsy,3,0.01138886
vervet,4,cluster_1,vorpal,3,0.01542201
vervet,4,cluster_2,slithy,3,0.01294893
vervet,4,cluster_2,mimsy,3,0.0107849
vervet,4,cluster_2,vorpal,3,0.01102295
vervet,5,cluster_1,slithy,3,0.0133454
vervet,5,cluster_1,mimsy,3,0.01138886
vervet,5,cluster_1,vorpal,3,0.01542201
vervet,5,cluster_2,slithy,3,0.01294893
vervet,5,cluster_2,mimsy,3,0.0107849
vervet,5,cluster_2,vorpal,3,0.01102295
vervet,6,cluster_1,slithy,3,0.0133454
vervet,6,cluster_1,mimsy,3,0.01138886
vervet,6,cluster_1,vorpal,3,0.01542201
vervet,6,cluster_2,slithy,3,0.01294893
vervet,6,cluster_2,mimsy,3,0.0107849
vervet,6,cluster_2,vorpal,3,0.01102295
vervet,7,cluster_1,slithy,3,0.0133454
vervet,7,cluster_1,mimsy,3,0.01138886
vervet,7,cluster_1,vorpal,3,0.01542201
vervet,7,cluster_2,slithy,3,0.01294893
vervet,7,cluster_2,mimsy,3,0.0107849
vervet,7,cluster_2,vorpal,3,0.01102295
vervet,8,cluster_1,slithy,3,0.0133454
vervet,8,cluster_1,mimsy,3,0.01138886
vervet,8,cluster_1,vorpal,3,0.01542201
vervet,8,cluster_2,slithy,3,0.01294893
vervet,8,cluster_2,mimsy,3,0.0107849
vervet,8,cluster_2,vorpal,3,0.01102295
vervet,9,cluster_1,slithy,3,0.0133454
vervet,9,cluster_1,mimsy,3,0.01138886
vervet,9,cluster_1,vorpal,3,0.01542201
vervet,9,cluster_2,slithy,3,0.01294893
vervet,9,cluster_2,mimsy,3,0.0107849
vervet,9,cluster_2,vorpal,3,0.01102295
vervet,10,cluster_1,slithy,3,0.0133454
vervet,10,cluster_1,mimsy,3,0.01138886
vervet,10,cluster_1,vorpal,3,0.01542201
vervet,10,cluster_2,slithy,3,0.01294893
vervet,10,cluster_2,mimsy,3,0.0107849
vervet,10,cluster_2,vorpal,3,0.01102295
vervet,11,cluster_1,slithy,3,0.0133454
vervet,11,cluster_1,mimsy,3,0.01138886
vervet,11,cluster_1,vorpal,3,0.01542201
vervet,11,cluster_2,slithy,3,0.01294893
vervet,11,cluster_2,mimsy,3,0.0107849
vervet,11,cluster_2,vorpal,3,0.01102295
vervet,12,cluster_1,slithy,3,0.0133454
vervet,12,cluster_1,mimsy,3,0.01138886
vervet,12,cluster_1,vorpal,3,0.01542201
vervet,12,cluster_2,slithy,3,0.01294893
vervet,12,cluster_2,mimsy,3,0.0107849
vervet,12,cluster_2,vorpal,3,0.01102295
vervet,13,cluster_1,slithy,3,0.0133454
vervet,13,cluster_1,mimsy,3,0.01138886
vervet,13,cluster_1,vorpal,3,0.01542201
vervet,13,cluster_2,slithy,3,0.01294893
vervet,13,cluster_2,mimsy,3,0.0107849
vervet,13,cluster_2,vorpal,3,0.01102295
vervet,14,cluster_1,slithy,3,0.0133454
vervet,14,cluster_1,mimsy,3,0.01138886
vervet,14,cluster_1,vorpal,3,0.01542201
vervet,14,cluster_2,slithy,3,0.01294893
vervet,14,cluster_2,mimsy,3,0.0107849
vervet,14,cluster_2,vorpal,3,0.01102295
vervet,15,cluster_1,slithy,3,0.0133454
vervet,15,cluster_1,mimsy,3,0.01138886
vervet,15,cluster_1,vorpal,3,0.01542201
vervet,15,cluster_2,slithy,3,0.01294893
vervet,15,cluster_2,mimsy,3,0.0107849
vervet,15,cluster_2,vorpal,3,0.01102295
vervet,16,cluster_1,slithy,3,0.0133454
vervet,16,cluster_1,mimsy,3,0.01138886
vervet,16,cluster_1,vorpal,3,0.01542201
vervet,16,cluster_2,slithy,3,0.01294893
vervet,16,cluster_2,mimsy,3,0.0107849
vervet,16,cluster_2,vorpal,3,0.01102295
vervet,17,cluster_1,slithy,3,0.0133454
vervet,17,cluster_1,mimsy,3,0.01138886
vervet,17,cluster_1,vorpal,3,0.01542201
vervet,17,cluster_2,slithy,3,0.01294893
vervet,17,cluster_2,mimsy,3,0.0107849
vervet,17,cluster_2,vorpal,3,0.01102295
vervet,18,cluster_1,slithy,3,0.0133454
vervet,18,cluster_1,mimsy,3,0.01138886
vervet,18,cluster_1,vorpal,3,0.01542201
vervet,18,cluster_2,slithy,3,0.01294893
vervet,18,cluster_2,mimsy,3,0.0107849
vervet,18,cluster_2,vorpal,3,0.01102295
vervet,19,cluster_1,slithy,3,0.0133454
vervet,19,cluster_1,mimsy,3,0.01138886
vervet,19,cluster_1,vorpal,3,0.01542201
vervet,19,cluster_2,slithy,3,0.01294893
vervet,19,cluster_2,mimsy,3,0.0107849
vervet,19,cluster_2,vorpal,3,0.01102295
vervet,20,cluster_1,slithy,3,0.0133454
vervet,20,cluster_1,mimsy,3,0.01138886
vervet,20,cluster_1,vorpal,3,0.01542201
vervet,20,cluster_2,slithy,3,0.01294893
vervet,20,cluster_2,mimsy,3,0.0107849
vervet,20,cluster_2,vorpal,3,0.01102295
vervet,21,cluster_1,slithy,3,0.0133454
vervet,21,cluster_1,mimsy,3,0.01138886
vervet,21,cluster_1,vorpal,3,0.01542201
vervet,21,cluster_2,slithy,3,0.01294893
vervet,21,cluster_2,mimsy,3,0.0107849
vervet,21,cluster_2,vorpal,3,0.01102295
vervet,22,cluster_1,slithy,3,0.0133454
vervet,22,cluster_1,mimsy,3,0.01138886
vervet,22,cluster_1,vorpal,3,0.01542201
vervet,22,cluster_2,slithy,3,0.01294893
vervet,22,cluster_2,mimsy,3,0.0107849
vervet,22,cluster_2,vorpal,3,0.01102295
vervet,23,cluster_1,slithy,3,0.0133454
vervet,23,cluster_1,mimsy,3,0.01138886
vervet,23,cluster_1,vorpal,3,0.01542201
vervet,23,cluster_2,slithy,3,0.01294893
vervet,23,cluster_2,mimsy,3,0.0107849
vervet,23,cluster_2,vorpal,3,0.01102295
vervet,24,cluster_1,slithy,3,0.0133454
vervet,24,cluster_1,mimsy,3,0.01138886
vervet,24,cluster_1,vorpal,3,0.01542201
vervet,24,cluster_2,slithy,3,0.01294893
vervet,24,cluster_2,mimsy,3,0.0107849
vervet,24,cluster_2,vorpal,3,0.01102295
vervet,25,cluster_1,slithy,3,0.0133454
vervet,25,cluster_1,mimsy,3,0.01138886
vervet,25,cluster_1,vorpal,3,0.01542201
vervet,25,cluster_2,slithy,3,0.01294893
vervet,25,cluster_2,mimsy,3,0.0107849
vervet,25,cluster_2,vorpal,3,0.01102295
raven,1,cluster_1,slithy,3,0.10313354
raven,1,cluster_1,mimsy,3,0.05749647
raven,1,cluster_1,vorpal,3,0.06771213
raven,1,cluster_2,slithy,3,0.06428635
raven,1,cluster_2,mimsy,3,0.04080558
raven,1,cluster_2,vorpal,3,0.0576488
raven,2,cluster_1,slithy,3,0.04007282
raven,2,cluster_1,mimsy,3,0.04040345
raven,2,cluster_1,vorpal,3,0.0508725
raven,2,cluster_2,slithy,3,0.05585684
raven,2,cluster_2,mimsy,3,0.02736396
raven,2,cluster_2,vorpal,3,0.03476904
raven,3,cluster_1,slithy,3,0.03875365
raven,3,cluster_1,mimsy,3,0.03290447
raven,3,cluster_1,vorpal,3,0.04212387
raven,3,cluster_2,slithy,3,0.05585684
raven,3,cluster_2,mimsy,3,0.02736396
raven,3,cluster_2,vorpal,3,0.03476904
raven,4,cluster_1,slithy,3,0.03875365
raven,4,cluster_1,mimsy,3,0.03290447
raven,4,cluster_1,vorpal,3,0.04212387
raven,4,cluster_2,slithy,3,0.05585684
raven,4,cluster_2,mimsy,3,0.02736396
raven,4,cluster_2,vorpal,3,0.02815763
raven,5,cluster_1,slithy,3,0.02114546
raven,5,cluster_1,mimsy,3,0.01242455
raven,5,cluster_1,vorpal,3,0.01770099
raven,5,cluster_2,slithy,3,0.03447747
raven,5,cluster_2,mimsy,3,0.01270292
raven,5,cluster_2,vorpal,3,0.01102295
raven,6,cluster_1,slithy,3,0.02114546
raven,6,cluster_1,mimsy,3,0.01138886
raven,6,cluster_1,vorpal,3,0.01770099
raven,6,cluster_2,slithy,3,0.03266786
raven,6,cluster_2,mimsy,3,0.01270292
raven,6,cluster_2,vorpal,3,0.01102295
raven,7,cluster_1,slithy,3,0.02114546
raven,7,cluster_1,mimsy,3,0.01138886
raven,7,cluster_1,vorpal,3,0.01770099
raven,7,cluster_2,slithy,3,0.03266786
raven,7,cluster_2,mimsy,3,0.01270292
raven,7,cluster_2,vorpal,3,0.01102295
raven,8,cluster_1,slithy,3,0.02114546
raven,8,cluster_1,mimsy,3,0.01138886
raven,8,cluster_1,vorpal,3,0.01770099
raven,8,cluster_2,slithy,3,0.02898119
raven,8,cluster_2,mimsy,3,0.01270292
raven,8,cluster_2,vorpal,3,0.01102295
raven,9,cluster_1,slithy,3,0.02114546
raven,9,cluster_1,mimsy,3,0.01138886
raven,9,cluster_1,vorpal,3,0.01770099
raven,9,cluster_2,slithy,3,0.02898119
raven,9,cluster_2,mimsy,3,0.01270292
raven,9,cluster_2,vorpal,3,0.01102295
raven,10,cluster_1,slithy,3,0.01716632
raven,10,cluster_1,mimsy,3,0.01138886
raven,10,cluster_1,vorpal,3,0.01770099
raven,10,cluster_2,slithy,3,0.02131679
raven,10,cluster_2,mimsy,3,0.01192695
raven,10,cluster_2,vorpal,3,0.01102295
raven,11,cluster_1,slithy,3,0.01716632
raven,11,cluster_1,mimsy,3,0.01138886
raven,11,cluster_1,vorpal,3,0.01770099
raven,11,cluster_2,slithy,3,0.01879088
raven,11,cluster_2,mimsy,3,0.01192695
raven,11,cluster_2,vorpal,3,0.01102295
raven,12,cluster_1,slithy,3,0.01716632
raven,12,cluster_1,mimsy,3,0.01138886
raven,12,cluster_1,vorpal,3,0.01770099
raven,12,cluster_2,slithy,3,0.01726256
raven,12,cluster_2,mimsy,3,0.01192695
raven,12,cluster_2,vorpal,3,0.01102295
raven,13,cluster_1,slithy,3,0.01716632
raven,13,cluster_1,mimsy,3,0.01138886
raven,13,cluster_1,vorpal,3,0.01770099
raven,13,cluster_2,slithy,3,0.01726256
raven,13,cluster_2,mimsy,3,0.01192695
raven,13,cluster_2,vorpal,3,0.01102295
raven,14,cluster_1,slithy,3,0.01716632
raven,14,cluster_1,mimsy,3,0.01138886
raven,14,cluster_1,vorpal,3,0.01770099
raven,14,cluster_2,slithy,3,0.01726256
raven,14,cluster_2,mimsy,3,0.01192695
raven,14,cluster_2,vorpal,3,0.01102295
raven,15,cluster_1,slithy,3,0.01489147
raven,15,cluster_1,mimsy,3,0.01138886
raven,15,cluster_1,vorpal,3,0.01542201
raven,15,cluster_2,slithy,3,0.01294897
raven,15,cluster_2,mimsy,3,0.01230532
raven,15,cluster_2,vorpal,3,0.01102295
raven,16,cluster_1,slithy,3,0.01489147
raven,16,cluster_1,mimsy,3,0.01138886
raven,16,cluster_1,vorpal,3,0.01542201
raven,16,cluster_2,slithy,3,0.01294897
raven,16,cluster_2,mimsy,3,0.01230532
raven,16,cluster_2,vorpal,3,0.01102295
raven,17,cluster_1,slithy,3,0.01489147
raven,17,cluster_1,mimsy,3,0.01138886
raven,17,cluster_1,vorpal,3,0.01542201
raven,17,cluster_2,slithy,3,0.01294897
raven,17,cluster_2,mimsy,3,0.01230532
raven,17,cluster_2,vorpal,3,0.01102295
raven,18,cluster_1,slithy,3,0.01489147
raven,18,cluster_1,mimsy,3,0.01138886
raven,18,cluster_1,vorpal,3,0.01542201
raven,18,cluster_2,slithy,3,0.01294897
raven,18,cluster_2,mimsy,3,0.01230532
raven,18,cluster_2,vorpal,3,0.01102295
raven,19,cluster_1,slithy,3,0.01489147
raven,19,cluster_1,mimsy,3,0.01138886
raven,19,cluster_1,vorpal,3,0.01542201
raven,19,cluster_2,slithy,3,0.01294897
raven,19,cluster_2,mimsy,3,0.01230532
raven,19,cluster_2,vorpal,3,0.01102295
raven,20,cluster_1,slithy,3,0.01747525
raven,20,cluster_1,mimsy,3,0.01138886
raven,20,cluster_1,vorpal,3,0.01542201
raven,20,cluster_2,slithy,3,0.01294897
raven,20,cluster_2,mimsy,3,0.01230532
raven,20,cluster_2,vorpal,3,0.01102295
raven,21,cluster_1,slithy,3,0.01747525
raven,21,cluster_1,mimsy,3,0.01138886
raven,21,cluster_1,vorpal,3,0.01542201
raven,21,cluster_2,slithy,3,0.01294897
raven,21,cluster_2,mimsy,3,0.01230532
raven,21,cluster_2,vorpal,3,0.01102295
raven,22,cluster_1,slithy,3,0.01747525
raven,22,cluster_1,mimsy,3,0.01138886
raven,22,cluster_1,vorpal,3,0.01542201
raven,22,cluster_2,slithy,3,0.01294897
raven,22,cluster_2,mimsy,3,0.01230532
raven,22,cluster_2,vorpal,3,0.01102295
raven,23,cluster_1,slithy,3,0.01747525
raven,23,cluster_1,mimsy,3,0.01138886
raven,23,cluster_1,vorpal,3,0.01542201
raven,23,cluster_2,slithy,3,0.01294897
raven,23,cluster_2,mimsy,3,0.01230532
raven,23,cluster_2,vorpal,3,0.01102295
raven,24,cluster_1,slithy,3,0.01747525
raven,24,cluster_1,mimsy,3,0.01138886
raven,24,cluster_1,vorpal,3,0.01542201
raven,24,cluster_2,slithy,3,0.01294897
raven,24,cluster_2,mimsy,3,0.01230532
raven,24,cluster_2,vorpal,3,0.01102295
raven,25,cluster_1,slithy,3,0.01747525
raven,25,cluster_1,mimsy,3,0.01138886
raven,25,cluster_1,vorpal,3,0.01542201
raven,25,cluster_2,slithy,3,0.01294897
raven,25,cluster_2,mimsy,3,0.01230532
raven,25,cluster_2,vorpal,3,0.01102295
latin,1,cluster_1,slithy,3,0.26992383
latin,1,cluster_1,mimsy,3,0.09061503
latin,1,cluster_1,vorpal,3,0.27488166
latin,1,cluster_2,slithy,3,0.22164748
latin,1,cluster_2,mimsy,3,0.08537388
latin,1,cluster_2,vorpal,3,0.19830614
latin,2,cluster_1,slithy,3,0.26992383
latin,2,cluster_1,mimsy,3,0.08464746
latin,2,cluster_1,vorpal,3,0.19045581
latin,2,cluster_2,slithy,3,0.14228523
latin,2,cluster_2,mimsy,3,0.0666816
latin,2,cluster_2,vorpal,3,0.19830614
latin,3,cluster_1,slithy,3,0.26992383
latin,3,cluster_1,mimsy,3,0.07016899
latin,3,cluster_1,vorpal,3,0.19045581
latin,3,cluster_2,slithy,3,0.09114019
latin,3,cluster_2,mimsy,3,0.0666816
latin,3,cluster_2,vorpal,3,0.19830614
latin,4,cluster_1,slithy,3,0.26992383
latin,4,cluster_1,mimsy,3,0.07016899
latin,4,cluster_1,vorpal,3,0.19045581
latin,4,cluster_2,slithy,3,0.07396843
latin,4,cluster_2,mimsy,3,0.0517078
latin,4,cluster_2,vorpal,3,0.18039634
latin,5,cluster_1,slithy,3,0.26992383
latin,5,cluster_1,mimsy,3,0.07016899
latin,5,cluster_1,vorpal,3,0.12959862
latin,5,cluster_2,slithy,3,0.07396843
latin,5,cluster_2,mimsy,3,0.0517078
latin,5,cluster_2,vorpal,3,0.18039634
latin,6,cluster_1,slithy,3,0.26992383
latin,6,cluster_1,mimsy,3,0.07016899
latin,6,cluster_1,vorpal,3,0.1330543
latin,6,cluster_2,slithy,3,0.07396843
latin,6,cluster_2,mimsy,3,0.0517078
latin,6,cluster_2,vorpal,3,0.14681907
latin,7,cluster_1,slithy,3,0.26992383
latin,7,cluster_1,mimsy,3,0.07016899
latin,7,cluster_1,vorpal,3,0.1310061
latin,7,cluster_2,slithy,3,0.07396843
latin,7,cluster_2,mimsy,3,0.0517078
latin,7,cluster_2,vorpal,3,0.13328167
latin,8,cluster_1,slithy,3,0.2330482
latin,8,cluster_1,mimsy,3,0.07016899
latin,8,cluster_1,vorpal,3,0.10502607
latin,8,cluster_2,slithy,3,0.07396843
latin,8,cluster_2,mimsy,3,0.0517078
latin,8,cluster_2,vorpal,3,0.13328167
latin,9,cluster_1,slithy,3,0.2330482
latin,9,cluster_1,mimsy,3,0.07016899
latin,9,cluster_1,vorpal,3,0.10502607
latin,9,cluster_2,slithy,3,0.07396843
latin,9,cluster_2,mimsy,3,0.0517078
latin,9,cluster_2,vorpal,3,0.13328167
latin,10,cluster_1,slithy,3,0.2330482
latin,10,cluster_1,mimsy,3,0.07016899
latin,10,cluster_1,vorpal,3,0.10502607
latin,10,cluster_2,slithy,3,0.07396843
latin,10,cluster_2,mimsy,3,0.04431389
latin,10,cluster_2,vorpal,3,0.13328167
latin,11,cluster_1,slithy,3,0.2330482
latin,11,cluster_1,mimsy,3,0.07016899
latin,11,cluster_1,vorpal,3,0.10502607
latin,11,cluster_2,slithy,3,0.07396843
latin,11,cluster_2,mimsy,3,0.04431389
latin,11,cluster_2,vorpal,3,0.13328167
latin,12,cluster_1,slithy,3,0.2330482
latin,12,cluster_1,mimsy,3,0.07016899
latin,12,cluster_1,vorpal,3,0.10502607
latin,12,cluster_2,slithy,3,0.07396843
latin,12,cluster_2,mimsy,3,0.03963081
latin,12,cluster_2,vorpal,3,0.13328167
latin,13,cluster_1,slithy,3,0.2330482
latin,13,cluster_1,mimsy,3,0.07016899
latin,13,cluster_1,vorpal,3,0.10502607
latin,13,cluster_2,slithy,3,0.07396843
latin,13,cluster_2,mimsy,3,0.03963081
latin,13,cluster_2,vorpal,3,0.13328167
latin,14,cluster_1,slithy,3,0.2330482
latin,14,cluster_1,mimsy,3,0.07016899
latin,14,cluster_1,vorpal,3,0.10502607
latin,14,cluster_2,slithy,3,0.06222492
latin,14,cluster_2,mimsy,3,0.03963081
latin,14,cluster_2,vorpal,3,0.13328167
latin,15,cluster_1,slithy,3,0.2330482
latin,15,cluster_1,mimsy,3,0.07016899
latin,15,cluster_1,vorpal,3,0.10502607
latin,15,cluster_2,slithy,3,0.06222492
latin,15,cluster_2,mimsy,3,0.03963081
latin,15,cluster_2,vorpal,3,0.13328167
latin,16,cluster_1,slithy,3,0.2330482
latin,16,cluster_1,mimsy,3,0.07016899
latin,16,cluster_1,vorpal,3,0.10502607
latin,16,cluster_2,slithy,3,0.06222492
latin,16,cluster_2,mimsy,3,0.03963081
latin,16,cluster_2,vorpal,3,0.13328167
latin,17,cluster_1,slithy,3,0.2330482
latin,17,cluster_1,mimsy,3,0.07016899
latin,17,cluster_1,vorpal,3,0.10502607
latin,17,cluster_2,slithy,3,0.06222492
latin,17,cluster_2,mimsy,3,0.03963081
latin,17,cluster_2,vorpal,3,0.12062023
latin,18,cluster_1,slithy,3,0.2330482
latin,18,cluster_1,mimsy,3,0.07016899
latin,18,cluster_1,vorpal,3,0.10502607
latin,18,cluster_2,slithy,3,0.06222492
latin,18,cluster_2,mimsy,3,0.03963081
latin,18,cluster_2,vorpal,3,0.10302923
latin,19,cluster_1,slithy,3,0.2330482
latin,19,cluster_1,mimsy,3,0.07016899
latin,19,cluster_1,vorpal,3,0.10502607
latin,19,cluster_2,slithy,3,0.06222492
latin,19,cluster_2,mimsy,3,0.03963081
latin,19,cluster_2,vorpal,3,0.10302923
latin,20,cluster_1,slithy,3,0.2330482
latin,20,cluster_1,mimsy,3,0.07016899
latin,20,cluster_1,vorpal,3,0.10502607
latin,20,cluster_2,slithy,3,0.06222492
latin,20,cluster_2,mimsy,3,0.03963081
latin,20,cluster_2,vorpal,3,0.10302923
latin,21,cluster_1,slithy,3,0.2330482
latin,21,cluster_1,mimsy,3,0.07349112
latin,21,cluster_1,vorpal,3,0.10502607
latin,21,cluster_2,slithy,3,0.06222492
latin,21,cluster_2,mimsy,3,0.03963081
latin,21,cluster_2,vorpal,3,0.10302923
latin,22,cluster_1,slithy,3,0.2330482
latin,22,cluster_1,mimsy,3,0.07349112
latin,22,cluster_1,vorpal,3,0.10502607
latin,22,cluster_2,slithy,3,0.06222492
latin,22,cluster_2,mimsy,3,0.03963081
latin,22,cluster_2,vorpal,3,0.10302923
latin,23,cluster_1,slithy,3,0.2330482
latin,23,cluster_1,mimsy,3,0.07349112
latin,23,cluster_1,vorpal,3,0.10502607
latin,23,cluster_2,slithy,3,0.06222492
latin,23,cluster_2,mimsy,3,0.03963081
latin,23,cluster_2,vorpal,3,0.07413928
latin,24,cluster_1,slithy,3,0.2330482
latin,24,cluster_1,mimsy,3,0.07349112
latin,24,cluster_1,vorpal,3,0.10502607
latin,24,cluster_2,slithy,3,0.06222492
latin,24,cluster_2,mimsy,3,0.03963081
latin,24,cluster_2,vorpal,3,0.06349504
latin,25,cluster_1,slithy,3,0.20731044
latin,25,cluster_1,mimsy,3,0.07349112
latin,25,cluster_1,vorpal,3,0.08632493
latin,25,cluster_2,slithy,3,0.06222492
latin,25,cluster_2,mimsy,3,0.03963081
latin,25,cluster_2,vorpal,3,0.06056994
