tier,pool_type,learner,n_episodes,c1_mean,c1_ci_low,c1_ci_high,c2_mean,c2_ci_low,c2_ci_high
native,std_nway,centroid,30,0.9429,0.9218,0.9609,0.9256,0.895,0.9517
native,std_nway,exemplar_knn_k3,30,0.9316,0.9102,0.9507,0.975,0.9583,0.9883
native,std_nway,kcentroid_k2,30,0.9369,0.9187,0.9536,0.9322,0.9011,0.9583
native,std_nway,logreg,30,0.9491,0.9273,0.9662,0.9856,0.9761,0.9933
native,std_nway,linsvm,30,0.9498,0.928,0.9664,0.985,0.9739,0.9939
native,std_nway,random,30,0.3462,0.3331,0.3591,0.3411,0.3128,0.3678
native,small,centroid,30,0.9429,0.9218,0.9609,0.9033,0.8655,0.9356
native,small,exemplar_knn_k3,30,0.9316,0.9102,0.9507,0.9622,0.9394,0.9811
native,small,kcentroid_k2,30,0.9369,0.9187,0.9536,0.9028,0.8678,0.9344
native,small,logreg,30,0.9491,0.9273,0.9662,0.9756,0.9589,0.9883
native,small,linsvm,30,0.9498,0.928,0.9664,0.9794,0.9639,0.9911
native,small,random,30,0.3462,0.3331,0.3591,0.2106,0.1905,0.2311
native,medium,centroid,30,0.9429,0.9218,0.9609,0.8667,0.8228,0.9056
native,medium,exemplar_knn_k3,30,0.9316,0.9102,0.9507,0.9417,0.9111,0.9678
native,medium,kcentroid_k2,30,0.9369,0.9187,0.9536,0.8589,0.8205,0.8956
native,medium,logreg,30,0.9491,0.9273,0.9662,0.9539,0.9261,0.9767
native,medium,linsvm,30,0.9498,0.928,0.9664,0.96,0.9339,0.98
native,medium,random,30,0.3462,0.3331,0.3591,0.1161,0.1022,0.1306
native,large,centroid,30,0.9429,0.9218,0.9609,0.81,0.7605,0.8578
native,large,exemplar_knn_k3,30,0.9316,0.9102,0.9507,0.9028,0.8589,0.9389
native,large,kcentroid_k2,30,0.9369,0.9187,0.9536,0.8078,0.7556,0.8561
native,large,logreg,30,0.9491,0.9273,0.9662,0.9344,0.9006,0.9622
native,large,linsvm,30,0.9498,0.928,0.9664,0.9367,0.9011,0.9661
native,large,random,30,0.3462,0.3331,0.3591,0.0472,0.0383,0.0567
native,hard,centroid,30,0.9429,0.9218,0.9609,0.465,0.4155,0.5144
native,hard,exemplar_knn_k3,30,0.9316,0.9102,0.9507,0.4967,0.4456,0.5478
native,hard,kcentroid_k2,30,0.9369,0.9187,0.9536,0.4478,0.3983,0.4983
native,hard,logreg,30,0.9491,0.9273,0.9662,0.6161,0.5717,0.6644
native,hard,linsvm,30,0.9498,0.928,0.9664,0.6133,0.5689,0.6606
native,hard,random,30,0.3462,0.3331,0.3591,0.1111,0.0928,0.1306
native,oov_25,centroid,30,0.9429,0.9218,0.9609,0.8517,0.8122,0.8867
native,oov_25,exemplar_knn_k3,30,0.9316,0.9102,0.9507,0.8911,0.8594,0.9178
native,oov_25,kcentroid_k2,30,0.9369,0.9187,0.9536,0.845,0.8106,0.8778
native,oov_25,logreg,30,0.9491,0.9273,0.9662,0.9083,0.8761,0.9356
native,oov_25,linsvm,30,0.9498,0.928,0.9664,0.9067,0.8778,0.9317
native,oov_25,random,30,0.3462,0.3331,0.3591,0.1061,0.0906,0.1222
native,oov_50,centroid,30,0.9429,0.9218,0.9609,0.8417,0.8,0.8806
native,oov_50,exemplar_knn_k3,30,0.9316,0.9102,0.9507,0.865,0.8311,0.8967
native,oov_50,kcentroid_k2,30,0.9369,0.9187,0.9536,0.8361,0.7983,0.8711
native,oov_50,logreg,30,0.9491,0.9273,0.9662,0.8778,0.8422,0.9095
native,oov_50,linsvm,30,0.9498,0.928,0.9664,0.8728,0.8367,0.9044
native,oov_50,random,30,0.3462,0.3331,0.3591,0.105,0.0867,0.125
near,std_nway,centroid,30,0.8467,0.8316,0.8609,0.83,0.8078,0.8506
near,std_nway,exemplar_knn_k3,30,0.8331,0.816,0.8489,0.9083,0.8906,0.9244
near,std_nway,kcentroid_k2,30,0.8358,0.8191,0.8516,0.8244,0.7978,0.8472
near,std_nway,logreg,30,0.8429,0.8267,0.858,0.9261,0.9111,0.9406
near,std_nway,linsvm,30,0.8473,0.8316,0.8616,0.9322,0.9178,0.9461
near,std_nway,random,30,0.344,0.332,0.3562,0.3389,0.315,0.3644
near,small,centroid,30,0.8467,0.8316,0.8609,0.7639,0.7372,0.7889
near,small,exemplar_knn_k3,30,0.8331,0.816,0.8489,0.8572,0.8322,0.8783
near,small,kcentroid_k2,30,0.8358,0.8191,0.8516,0.7661,0.7389,0.7922
near,small,logreg,30,0.8429,0.8267,0.858,0.875,0.8494,0.8978
near,small,linsvm,30,0.8473,0.8316,0.8616,0.8811,0.8567,0.9033
near,small,random,30,0.344,0.332,0.3562,0.21,0.1878,0.2317
near,medium,centroid,30,0.8467,0.8316,0.8609,0.6906,0.6622,0.7189
near,medium,exemplar_knn_k3,30,0.8331,0.816,0.8489,0.795,0.7689,0.8189
near,medium,kcentroid_k2,30,0.8358,0.8191,0.8516,0.6761,0.645,0.7056
near,medium,logreg,30,0.8429,0.8267,0.858,0.8094,0.785,0.8311
near,medium,linsvm,30,0.8473,0.8316,0.8616,0.8183,0.795,0.8383
near,medium,random,30,0.344,0.332,0.3562,0.11,0.0961,0.1239
near,large,centroid,30,0.8467,0.8316,0.8609,0.6139,0.5822,0.6433
near,large,exemplar_knn_k3,30,0.8331,0.816,0.8489,0.7161,0.6844,0.7439
near,large,kcentroid_k2,30,0.8358,0.8191,0.8516,0.5833,0.5511,0.6122
near,large,logreg,30,0.8429,0.8267,0.858,0.7478,0.7161,0.7778
near,large,linsvm,30,0.8473,0.8316,0.8616,0.7489,0.7178,0.7772
near,large,random,30,0.344,0.332,0.3562,0.0472,0.0378,0.0578
near,hard,centroid,30,0.8467,0.8316,0.8609,0.3061,0.2683,0.3422
near,hard,exemplar_knn_k3,30,0.8331,0.816,0.8489,0.38,0.3378,0.4189
near,hard,kcentroid_k2,30,0.8358,0.8191,0.8516,0.3,0.2617,0.34
near,hard,logreg,30,0.8429,0.8267,0.858,0.4478,0.4017,0.4906
near,hard,linsvm,30,0.8473,0.8316,0.8616,0.4544,0.4094,0.4961
near,hard,random,30,0.344,0.332,0.3562,0.0989,0.0811,0.1172
near,oov_25,centroid,30,0.8467,0.8316,0.8609,0.6733,0.6433,0.7022
near,oov_25,exemplar_knn_k3,30,0.8331,0.816,0.8489,0.7433,0.7189,0.7667
near,oov_25,kcentroid_k2,30,0.8358,0.8191,0.8516,0.66,0.63,0.6883
near,oov_25,logreg,30,0.8429,0.8267,0.858,0.7628,0.7372,0.7861
near,oov_25,linsvm,30,0.8473,0.8316,0.8616,0.7606,0.7417,0.7794
near,oov_25,random,30,0.344,0.332,0.3562,0.1011,0.0856,0.1178
near,oov_50,centroid,30,0.8467,0.8316,0.8609,0.6406,0.61,0.6683
near,oov_50,exemplar_knn_k3,30,0.8331,0.816,0.8489,0.6861,0.6606,0.7111
near,oov_50,kcentroid_k2,30,0.8358,0.8191,0.8516,0.6189,0.5889,0.6461
near,oov_50,logreg,30,0.8429,0.8267,0.858,0.6972,0.6678,0.7244
near,oov_50,linsvm,30,0.8473,0.8316,0.8616,0.6844,0.6533,0.7144
near,oov_50,random,30,0.344,0.332,0.3562,0.1089,0.0922,0.1261
mid,std_nway,centroid,30,0.6542,0.6369,0.6716,0.6528,0.6261,0.6783
mid,std_nway,exemplar_knn_k3,30,0.6502,0.6342,0.6662,0.7183,0.6911,0.745
mid,std_nway,kcentroid_k2,30,0.6531,0.6333,0.6733,0.66,0.6344,0.6861
mid,std_nway,logreg,30,0.6411,0.6176,0.6656,0.7217,0.6983,0.7444
mid,std_nway,linsvm,30,0.6444,0.624,0.6651,0.7272,0.7028,0.7522
mid,std_nway,random,30,0.3289,0.3176,0.34,0.3394,0.3172,0.3622
mid,small,centroid,30,0.6542,0.6369,0.6716,0.5728,0.5461,0.6011
mid,small,exemplar_knn_k3,30,0.6502,0.6342,0.6662,0.6444,0.6156,0.6744
mid,small,kcentroid_k2,30,0.6531,0.6333,0.6733,0.5767,0.5472,0.6067
mid,small,logreg,30,0.6411,0.6176,0.6656,0.6522,0.6289,0.6772
mid,small,linsvm,30,0.6444,0.624,0.6651,0.6556,0.63,0.6817
mid,small,random,30,0.3289,0.3176,0.34,0.2039,0.1861,0.2233
mid,medium,centroid,30,0.6542,0.6369,0.6716,0.4711,0.4456,0.4994
mid,medium,exemplar_knn_k3,30,0.6502,0.6342,0.6662,0.56,0.5317,0.59
mid,medium,kcentroid_k2,30,0.6531,0.6333,0.6733,0.4922,0.4655,0.5217
mid,medium,logreg,30,0.6411,0.6176,0.6656,0.5783,0.5506,0.6067
mid,medium,linsvm,30,0.6444,0.624,0.6651,0.5733,0.5478,0.6011
mid,medium,random,30,0.3289,0.3176,0.34,0.1017,0.0894,0.1144
mid,large,centroid,30,0.6542,0.6369,0.6716,0.4072,0.3772,0.44
mid,large,exemplar_knn_k3,30,0.6502,0.6342,0.6662,0.4839,0.4489,0.5195
mid,large,kcentroid_k2,30,0.6531,0.6333,0.6733,0.3994,0.3706,0.4328
mid,large,logreg,30,0.6411,0.6176,0.6656,0.5033,0.4778,0.5306
mid,large,linsvm,30,0.6444,0.624,0.6651,0.5,0.4717,0.5311
mid,large,random,30,0.3289,0.3176,0.34,0.04,0.0333,0.0472
mid,hard,centroid,30,0.6542,0.6369,0.6716,0.2744,0.245,0.305
mid,hard,exemplar_knn_k3,30,0.6502,0.6342,0.6662,0.3406,0.3083,0.3744
mid,hard,kcentroid_k2,30,0.6531,0.6333,0.6733,0.2833,0.2544,0.3117
mid,hard,logreg,30,0.6411,0.6176,0.6656,0.3867,0.3522,0.4211
mid,hard,linsvm,30,0.6444,0.624,0.6651,0.3844,0.3483,0.42
mid,hard,random,30,0.3289,0.3176,0.34,0.1061,0.0933,0.12
mid,oov_25,centroid,30,0.6542,0.6369,0.6716,0.4589,0.43,0.4895
mid,oov_25,exemplar_knn_k3,30,0.6502,0.6342,0.6662,0.5039,0.4739,0.5339
mid,oov_25,kcentroid_k2,30,0.6531,0.6333,0.6733,0.4539,0.4272,0.4833
mid,oov_25,logreg,30,0.6411,0.6176,0.6656,0.52,0.4961,0.5456
mid,oov_25,linsvm,30,0.6444,0.624,0.6651,0.5117,0.4867,0.5389
mid,oov_25,random,30,0.3289,0.3176,0.34,0.1028,0.0911,0.1144
mid,oov_50,centroid,30,0.6542,0.6369,0.6716,0.4378,0.4089,0.4689
mid,oov_50,exemplar_knn_k3,30,0.6502,0.6342,0.6662,0.4572,0.43,0.4867
mid,oov_50,kcentroid_k2,30,0.6531,0.6333,0.6733,0.4428,0.415,0.4739
mid,oov_50,logreg,30,0.6411,0.6176,0.6656,0.4822,0.4594,0.5067
mid,oov_50,linsvm,30,0.6444,0.624,0.6651,0.4789,0.4544,0.5078
mid,oov_50,random,30,0.3289,0.3176,0.34,0.0933,0.0794,0.1078
far,std_nway,centroid,30,0.5296,0.5104,0.5502,0.5439,0.52,0.5683
far,std_nway,exemplar_knn_k3,30,0.5291,0.5093,0.5509,0.6083,0.5822,0.6361
far,std_nway,kcentroid_k2,30,0.5253,0.5053,0.546,0.5533,0.5317,0.5744
far,std_nway,logreg,30,0.5349,0.5127,0.5576,0.6189,0.5883,0.65
far,std_nway,linsvm,30,0.5329,0.5104,0.5558,0.6283,0.5994,0.6578
far,std_nway,random,30,0.3416,0.3293,0.3542,0.3439,0.3233,0.365
far,small,centroid,30,0.5296,0.5104,0.5502,0.4733,0.4483,0.4994
far,small,exemplar_knn_k3,30,0.5291,0.5093,0.5509,0.5161,0.4878,0.5461
far,small,kcentroid_k2,30,0.5253,0.5053,0.546,0.4756,0.4517,0.5011
far,small,logreg,30,0.5349,0.5127,0.5576,0.5244,0.4955,0.555
far,small,linsvm,30,0.5329,0.5104,0.5558,0.5278,0.4967,0.5622
far,small,random,30,0.3416,0.3293,0.3542,0.2161,0.1939,0.2378
far,medium,centroid,30,0.5296,0.5104,0.5502,0.4317,0.4072,0.4556
far,medium,exemplar_knn_k3,30,0.5291,0.5093,0.5509,0.4506,0.4261,0.4733
far,medium,kcentroid_k2,30,0.5253,0.5053,0.546,0.425,0.4,0.4494
far,medium,logreg,30,0.5349,0.5127,0.5576,0.4589,0.4311,0.4861
far,medium,linsvm,30,0.5329,0.5104,0.5558,0.4578,0.4305,0.485
far,medium,random,30,0.3416,0.3293,0.3542,0.1072,0.09,0.1244
far,large,centroid,30,0.5296,0.5104,0.5502,0.3961,0.3728,0.42
far,large,exemplar_knn_k3,30,0.5291,0.5093,0.5509,0.4128,0.3883,0.4378
far,large,kcentroid_k2,30,0.5253,0.5053,0.546,0.3861,0.3633,0.4089
far,large,logreg,30,0.5349,0.5127,0.5576,0.4194,0.3944,0.4445
far,large,linsvm,30,0.5329,0.5104,0.5558,0.4172,0.3894,0.445
far,large,random,30,0.3416,0.3293,0.3542,0.0533,0.0422,0.0644
far,hard,centroid,30,0.5296,0.5104,0.5502,0.3039,0.2744,0.335
far,hard,exemplar_knn_k3,30,0.5291,0.5093,0.5509,0.3522,0.3189,0.3861
far,hard,kcentroid_k2,30,0.5253,0.5053,0.546,0.2922,0.2583,0.325
far,hard,logreg,30,0.5349,0.5127,0.5576,0.4039,0.3672,0.4423
far,hard,linsvm,30,0.5329,0.5104,0.5558,0.4172,0.3767,0.46
far,hard,random,30,0.3416,0.3293,0.3542,0.1183,0.1011,0.1361
far,oov_25,centroid,30,0.5296,0.5104,0.5502,0.43,0.4083,0.45
far,oov_25,exemplar_knn_k3,30,0.5291,0.5093,0.5509,0.4411,0.4172,0.4661
far,oov_25,kcentroid_k2,30,0.5253,0.5053,0.546,0.4289,0.4072,0.45
far,oov_25,logreg,30,0.5349,0.5127,0.5576,0.4483,0.4222,0.4744
far,oov_25,linsvm,30,0.5329,0.5104,0.5558,0.4461,0.4183,0.4744
far,oov_25,random,30,0.3416,0.3293,0.3542,0.1139,0.0967,0.1306
far,oov_50,centroid,30,0.5296,0.5104,0.5502,0.4272,0.405,0.4494
far,oov_50,exemplar_knn_k3,30,0.5291,0.5093,0.5509,0.4306,0.4072,0.4539
far,oov_50,kcentroid_k2,30,0.5253,0.5053,0.546,0.4256,0.4056,0.4456
far,oov_50,logreg,30,0.5349,0.5127,0.5576,0.4389,0.4161,0.4617
far,oov_50,linsvm,30,0.5329,0.5104,0.5558,0.4317,0.4094,0.4539
far,oov_50,random,30,0.3416,0.3293,0.3542,0.1094,0.0944,0.125
