sample_id,class_u,class_v,contrast1,contrast2,quadrant,d_perc,d_sem,learner,c1_accuracy,c1_ci_low,c1_ci_high,mean_margin
0,beaver,ray,cloud,possum,Q1,0.515666,0.578947,centroid,0.8289,0.8169,0.8409,0.2489
0,beaver,ray,cloud,possum,Q1,0.515666,0.578947,exemplar_knn_k3,0.8162,0.8007,0.8318,1.0987
0,beaver,ray,cloud,possum,Q1,0.515666,0.578947,logreg,0.8242,0.8102,0.8387,0.5377
0,beaver,ray,cloud,possum,Q1,0.515666,0.578947,random,0.3413,0.328,0.3542,1.237
1,bed,chair,cockroach,poppy,Q1,0.614322,0.2,centroid,0.9709,0.9613,0.9791,0.4115
1,bed,chair,cockroach,poppy,Q1,0.614322,0.2,exemplar_knn_k3,0.9727,0.9627,0.9811,1.3146
1,bed,chair,cockroach,poppy,Q1,0.614322,0.2,logreg,0.9631,0.9509,0.9736,0.799
1,bed,chair,cockroach,poppy,Q1,0.614322,0.2,random,0.3431,0.3324,0.3542,1.2335
2,bee,beetle,otter,tulip,Q1,0.398431,0.130435,centroid,0.8933,0.8807,0.9062,0.234
2,bee,beetle,otter,tulip,Q1,0.398431,0.130435,exemplar_knn_k3,0.8844,0.8722,0.896,0.8729
2,bee,beetle,otter,tulip,Q1,0.398431,0.130435,logreg,0.8882,0.8733,0.9036,0.4755
2,bee,beetle,otter,tulip,Q1,0.398431,0.130435,random,0.3267,0.3138,0.3398,1.2098
3,beetle,camel,willow_tree,tank,Q1,0.689702,0.44,centroid,0.8173,0.8036,0.8318,0.2258
3,beetle,camel,willow_tree,tank,Q1,0.689702,0.44,exemplar_knn_k3,0.81,0.7907,0.828,1.1056
3,beetle,camel,willow_tree,tank,Q1,0.689702,0.44,logreg,0.8473,0.8291,0.8664,0.5036
3,beetle,camel,willow_tree,tank,Q1,0.689702,0.44,random,0.3438,0.3302,0.3573,1.2555
4,bottle,television,snail,sea,Q1,0.659404,0.368421,centroid,0.9084,0.8973,0.9191,0.3097
4,bottle,television,snail,sea,Q1,0.659404,0.368421,exemplar_knn_k3,0.9024,0.8913,0.9127,1.1159
4,bottle,television,snail,sea,Q1,0.659404,0.368421,logreg,0.9133,0.8978,0.9284,0.6254
4,bottle,television,snail,sea,Q1,0.659404,0.368421,random,0.3387,0.3258,0.3518,1.2035
5,bowl,spider,caterpillar,porcupine,Q1,0.677936,0.6,centroid,0.8096,0.7967,0.8222,0.1948
5,bowl,spider,caterpillar,porcupine,Q1,0.677936,0.6,exemplar_knn_k3,0.7904,0.7758,0.804,0.7636
5,bowl,spider,caterpillar,porcupine,Q1,0.677936,0.6,logreg,0.81,0.7964,0.8236,0.4056
5,bowl,spider,caterpillar,porcupine,Q1,0.677936,0.6,random,0.3304,0.3164,0.3447,1.2199
6,castle,turtle,kangaroo,hamster,Q1,0.682951,0.5,centroid,0.8371,0.826,0.8489,0.2621
6,castle,turtle,kangaroo,hamster,Q1,0.682951,0.5,exemplar_knn_k3,0.8302,0.8182,0.8424,1.1608
6,castle,turtle,kangaroo,hamster,Q1,0.682951,0.5,logreg,0.8544,0.8396,0.8702,0.5615
6,castle,turtle,kangaroo,hamster,Q1,0.682951,0.5,random,0.3429,0.3287,0.3578,1.1884
7,chimpanzee,crab,snake,telephone,Q1,0.645166,0.5,centroid,0.8862,0.8711,0.9022,0.2948
7,chimpanzee,crab,snake,telephone,Q1,0.645166,0.5,exemplar_knn_k3,0.8847,0.8722,0.8978,1.1078
7,chimpanzee,crab,snake,telephone,Q1,0.645166,0.5,logreg,0.8678,0.8504,0.8869,0.6048
7,chimpanzee,crab,snake,telephone,Q1,0.645166,0.5,random,0.3258,0.3124,0.3396,1.2277
8,chimpanzee,kangaroo,butterfly,flatfish,Q1,0.654223,0.310345,centroid,0.8353,0.8222,0.8482,0.203
8,chimpanzee,kangaroo,butterfly,flatfish,Q1,0.654223,0.310345,exemplar_knn_k3,0.8409,0.8269,0.8544,0.7895
8,chimpanzee,kangaroo,butterfly,flatfish,Q1,0.654223,0.310345,logreg,0.8076,0.7978,0.8176,0.4251
8,chimpanzee,kangaroo,butterfly,flatfish,Q1,0.654223,0.310345,random,0.332,0.3198,0.3444,1.2542
9,clock,motorcycle,streetcar,lobster,Q1,0.710248,0.454545,centroid,0.858,0.8444,0.8722,0.2799
9,clock,motorcycle,streetcar,lobster,Q1,0.710248,0.454545,exemplar_knn_k3,0.862,0.8478,0.8773,1.0201
9,clock,motorcycle,streetcar,lobster,Q1,0.710248,0.454545,logreg,0.8313,0.8202,0.8433,0.5753
9,clock,motorcycle,streetcar,lobster,Q1,0.710248,0.454545,random,0.3336,0.3222,0.3453,1.2065
10,crocodile,kangaroo,caterpillar,fox,Q1,0.433903,0.307692,centroid,0.8362,0.8202,0.8527,0.2165
10,crocodile,kangaroo,caterpillar,fox,Q1,0.433903,0.307692,exemplar_knn_k3,0.8156,0.8009,0.8307,0.9333
10,crocodile,kangaroo,caterpillar,fox,Q1,0.433903,0.307692,logreg,0.8247,0.8138,0.836,0.4791
10,crocodile,kangaroo,caterpillar,fox,Q1,0.433903,0.307692,random,0.3391,0.3282,0.3498,1.2355
11,crocodile,skunk,man,cup,Q1,0.446824,0.478261,centroid,0.9558,0.9456,0.9651,0.2615
11,crocodile,skunk,man,cup,Q1,0.446824,0.478261,exemplar_knn_k3,0.9553,0.946,0.964,1.0171
11,crocodile,skunk,man,cup,Q1,0.446824,0.478261,logreg,0.9429,0.9276,0.9562,0.5267
11,crocodile,skunk,man,cup,Q1,0.446824,0.478261,random,0.3427,0.3316,0.3533,1.2253
12,cup,plate,bridge,seal,Q1,0.544535,0.2,centroid,0.9529,0.942,0.9631,0.2465
12,cup,plate,bridge,seal,Q1,0.544535,0.2,exemplar_knn_k3,0.9518,0.9433,0.96,0.9479
12,cup,plate,bridge,seal,Q1,0.544535,0.2,logreg,0.9416,0.9258,0.9564,0.4986
12,cup,plate,bridge,seal,Q1,0.544535,0.2,random,0.3256,0.3151,0.3365,1.219
13,house,pickup_truck,dinosaur,shark,Q1,0.463699,0.473684,centroid,0.9569,0.9502,0.9636,0.2906
13,house,pickup_truck,dinosaur,shark,Q1,0.463699,0.473684,exemplar_knn_k3,0.9544,0.9476,0.9613,1.1376
13,house,pickup_truck,dinosaur,shark,Q1,0.463699,0.473684,logreg,0.9496,0.9402,0.9584,0.5955
13,house,pickup_truck,dinosaur,shark,Q1,0.463699,0.473684,random,0.3409,0.3287,0.3522,1.196
14,lamp,shrew,camel,trout,Q1,0.701458,0.6,centroid,0.8153,0.8084,0.8233,0.2668
14,lamp,shrew,camel,trout,Q1,0.701458,0.6,exemplar_knn_k3,0.8091,0.8011,0.818,1.0364
14,lamp,shrew,camel,trout,Q1,0.701458,0.6,logreg,0.8209,0.8122,0.8298,0.5425
14,lamp,shrew,camel,trout,Q1,0.701458,0.6,random,0.3256,0.3156,0.3353,1.2137
15,lion,rabbit,elephant,sweet_pepper,Q1,0.553107,0.241379,centroid,0.8944,0.8804,0.9087,0.3162
15,lion,rabbit,elephant,sweet_pepper,Q1,0.553107,0.241379,exemplar_knn_k3,0.8816,0.866,0.8969,1.222
15,lion,rabbit,elephant,sweet_pepper,Q1,0.553107,0.241379,logreg,0.9002,0.8827,0.9182,0.6531
15,lion,rabbit,elephant,sweet_pepper,Q1,0.553107,0.241379,random,0.3336,0.3227,0.3444,1.2232
16,lizard,snail,skunk,aquarium_fish,Q1,0.515372,0.416667,centroid,0.8996,0.8851,0.9133,0.2933
16,lizard,snail,skunk,aquarium_fish,Q1,0.515372,0.416667,exemplar_knn_k3,0.8742,0.86,0.8887,1.2151
16,lizard,snail,skunk,aquarium_fish,Q1,0.515372,0.416667,logreg,0.9207,0.9067,0.9338,0.6077
16,lizard,snail,skunk,aquarium_fish,Q1,0.515372,0.416667,random,0.3256,0.3102,0.3396,1.2259
17,man,squirrel,palm_tree,wolf,Q1,0.582671,0.454545,centroid,0.8398,0.8289,0.8513,0.2842
17,man,squirrel,palm_tree,wolf,Q1,0.582671,0.454545,exemplar_knn_k3,0.8258,0.8124,0.8402,1.1582
17,man,squirrel,palm_tree,wolf,Q1,0.582671,0.454545,logreg,0.8489,0.836,0.8627,0.5765
17,man,squirrel,palm_tree,wolf,Q1,0.582671,0.454545,random,0.3324,0.3216,0.344,1.2118
18,man,turtle,seal,couch,Q1,0.690216,0.578947,centroid,0.7944,0.7856,0.8027,0.244
18,man,turtle,seal,couch,Q1,0.690216,0.578947,exemplar_knn_k3,0.7907,0.7811,0.8004,0.9416
18,man,turtle,seal,couch,Q1,0.690216,0.578947,logreg,0.7944,0.7858,0.8029,0.5
18,man,turtle,seal,couch,Q1,0.690216,0.578947,random,0.3402,0.3269,0.3538,1.2276
19,mouse,shark,wardrobe,television,Q1,0.630985,0.333333,centroid,0.91,0.8964,0.9233,0.2224
19,mouse,shark,wardrobe,television,Q1,0.630985,0.333333,exemplar_knn_k3,0.9029,0.892,0.9138,0.9651
19,mouse,shark,wardrobe,television,Q1,0.630985,0.333333,logreg,0.9138,0.8971,0.9298,0.4822
19,mouse,shark,wardrobe,television,Q1,0.630985,0.333333,random,0.3282,0.3153,0.3411,1.2296
20,mouse,shrew,forest,pine_tree,Q1,0.141426,0.5,centroid,0.8607,0.8409,0.8798,0.1664
20,mouse,shrew,forest,pine_tree,Q1,0.141426,0.5,exemplar_knn_k3,0.818,0.794,0.8404,1.0089
20,mouse,shrew,forest,pine_tree,Q1,0.141426,0.5,logreg,0.866,0.8489,0.882,0.4195
20,mouse,shrew,forest,pine_tree,Q1,0.141426,0.5,random,0.3178,0.3047,0.3316,1.2527
21,plain,rocket,turtle,lobster,Q1,0.500003,0.571429,centroid,0.9196,0.9084,0.9302,0.215
21,plain,rocket,turtle,lobster,Q1,0.500003,0.571429,exemplar_knn_k3,0.898,0.8851,0.9111,0.9082
21,plain,rocket,turtle,lobster,Q1,0.500003,0.571429,logreg,0.9044,0.8904,0.9178,0.4481
21,plain,rocket,turtle,lobster,Q1,0.500003,0.571429,random,0.3411,0.3278,0.3551,1.1984
22,plain,worm,oak_tree,sunflower,Q1,0.706222,0.571429,centroid,0.8871,0.8658,0.9084,0.3468
22,plain,worm,oak_tree,sunflower,Q1,0.706222,0.571429,exemplar_knn_k3,0.8642,0.8453,0.8833,1.475
22,plain,worm,oak_tree,sunflower,Q1,0.706222,0.571429,logreg,0.8813,0.8602,0.9027,0.7356
22,plain,worm,oak_tree,sunflower,Q1,0.706222,0.571429,random,0.3398,0.3267,0.3529,1.2105
23,shrew,squirrel,woman,tank,Q1,0.238103,0.5,centroid,0.9762,0.9698,0.9818,0.2743
23,shrew,squirrel,woman,tank,Q1,0.238103,0.5,exemplar_knn_k3,0.9633,0.9551,0.9711,1.1092
23,shrew,squirrel,woman,tank,Q1,0.238103,0.5,logreg,0.9747,0.968,0.9807,0.5766
23,shrew,squirrel,woman,tank,Q1,0.238103,0.5,random,0.3358,0.3242,0.3469,1.248
24,spider,woman,possum,squirrel,Q1,0.675995,0.4,centroid,0.7553,0.74,0.7709,0.1621
24,spider,woman,possum,squirrel,Q1,0.675995,0.4,exemplar_knn_k3,0.7362,0.7231,0.7504,0.7866
24,spider,woman,possum,squirrel,Q1,0.675995,0.4,logreg,0.7764,0.756,0.798,0.3607
24,spider,woman,possum,squirrel,Q1,0.675995,0.4,random,0.3227,0.3096,0.3369,1.2184
25,apple,tractor,mountain,squirrel,Q2,0.799385,0.619048,centroid,0.8551,0.8451,0.8658,0.3264
25,apple,tractor,mountain,squirrel,Q2,0.799385,0.619048,exemplar_knn_k3,0.8484,0.8407,0.8567,1.1696
25,apple,tractor,mountain,squirrel,Q2,0.799385,0.619048,logreg,0.8571,0.8433,0.872,0.6646
25,apple,tractor,mountain,squirrel,Q2,0.799385,0.619048,random,0.3409,0.326,0.356,1.2108
26,bear,bottle,dolphin,mushroom,Q2,0.736696,0.636364,centroid,0.8838,0.8682,0.8998,0.3179
26,bear,bottle,dolphin,mushroom,Q2,0.736696,0.636364,exemplar_knn_k3,0.874,0.8604,0.8884,1.1072
26,bear,bottle,dolphin,mushroom,Q2,0.736696,0.636364,logreg,0.8738,0.8569,0.8913,0.6362
26,bear,bottle,dolphin,mushroom,Q2,0.736696,0.636364,random,0.3284,0.3144,0.3436,1.2211
27,bed,sea,butterfly,crab,Q2,0.775448,0.733333,centroid,0.8522,0.8391,0.8662,0.2432
27,bed,sea,butterfly,crab,Q2,0.775448,0.733333,exemplar_knn_k3,0.8651,0.8513,0.8787,0.8888
27,bed,sea,butterfly,crab,Q2,0.775448,0.733333,logreg,0.8284,0.816,0.8413,0.4883
27,bed,sea,butterfly,crab,Q2,0.775448,0.733333,random,0.3271,0.3127,0.3416,1.2233
28,bee,table,shark,clock,Q2,0.73877,0.888889,centroid,0.8678,0.8569,0.8787,0.3091
28,bee,table,shark,clock,Q2,0.73877,0.888889,exemplar_knn_k3,0.8538,0.8424,0.8656,1.0358
28,bee,table,shark,clock,Q2,0.73877,0.888889,logreg,0.8816,0.8638,0.8991,0.5919
28,bee,table,shark,clock,Q2,0.73877,0.888889,random,0.3322,0.3187,0.346,1.2229
29,bottle,cloud,squirrel,pine_tree,Q2,0.795229,0.75,centroid,0.7967,0.7856,0.8062,0.2561
29,bottle,cloud,squirrel,pine_tree,Q2,0.795229,0.75,exemplar_knn_k3,0.7816,0.766,0.7944,1.1382
29,bottle,cloud,squirrel,pine_tree,Q2,0.795229,0.75,logreg,0.7951,0.7838,0.8047,0.5533
29,bottle,cloud,squirrel,pine_tree,Q2,0.795229,0.75,random,0.3418,0.3284,0.3553,1.2195
30,bottle,crocodile,lion,dolphin,Q2,0.751279,0.636364,centroid,0.852,0.8382,0.8671,0.331
30,bottle,crocodile,lion,dolphin,Q2,0.751279,0.636364,exemplar_knn_k3,0.8462,0.8342,0.8598,1.1877
30,bottle,crocodile,lion,dolphin,Q2,0.751279,0.636364,logreg,0.866,0.8464,0.8867,0.6636
30,bottle,crocodile,lion,dolphin,Q2,0.751279,0.636364,random,0.3293,0.3151,0.3438,1.2164
31,chair,maple_tree,forest,cockroach,Q2,0.773469,0.777778,centroid,0.8371,0.8236,0.8524,0.3682
31,chair,maple_tree,forest,cockroach,Q2,0.773469,0.777778,exemplar_knn_k3,0.8253,0.8078,0.8418,1.3426
31,chair,maple_tree,forest,cockroach,Q2,0.773469,0.777778,logreg,0.822,0.8091,0.836,0.7581
31,chair,maple_tree,forest,cockroach,Q2,0.773469,0.777778,random,0.3269,0.3133,0.3409,1.1982
32,chimpanzee,skyscraper,orchid,otter,Q2,0.762193,0.666667,centroid,0.8158,0.8082,0.8244,0.2581
32,chimpanzee,skyscraper,orchid,otter,Q2,0.762193,0.666667,exemplar_knn_k3,0.8173,0.8096,0.8258,0.9342
32,chimpanzee,skyscraper,orchid,otter,Q2,0.762193,0.666667,logreg,0.8084,0.8018,0.8149,0.537
32,chimpanzee,skyscraper,orchid,otter,Q2,0.762193,0.666667,random,0.3224,0.308,0.3373,1.2374
33,chimpanzee,wardrobe,oak_tree,flatfish,Q2,0.807476,0.68,centroid,0.8109,0.8064,0.8149,0.3009
33,chimpanzee,wardrobe,oak_tree,flatfish,Q2,0.807476,0.68,exemplar_knn_k3,0.7949,0.7882,0.8013,1.2062
33,chimpanzee,wardrobe,oak_tree,flatfish,Q2,0.807476,0.68,logreg,0.8167,0.8118,0.8227,0.6449
33,chimpanzee,wardrobe,oak_tree,flatfish,Q2,0.807476,0.68,random,0.3371,0.3227,0.3518,1.2144
34,clock,forest,ray,pine_tree,Q2,0.806727,0.882353,centroid,0.7958,0.7793,0.8073,0.2852
34,clock,forest,ray,pine_tree,Q2,0.806727,0.882353,exemplar_knn_k3,0.7893,0.7713,0.8024,1.1939
34,clock,forest,ray,pine_tree,Q2,0.806727,0.882353,logreg,0.7902,0.77,0.8069,0.5984
34,clock,forest,ray,pine_tree,Q2,0.806727,0.882353,random,0.3309,0.3191,0.3431,1.2214
35,cloud,rose,raccoon,skunk,Q2,0.759335,0.777778,centroid,0.8462,0.8249,0.8662,0.202
35,cloud,rose,raccoon,skunk,Q2,0.759335,0.777778,exemplar_knn_k3,0.8227,0.8051,0.8393,1.0265
35,cloud,rose,raccoon,skunk,Q2,0.759335,0.777778,logreg,0.8573,0.8344,0.88,0.4574
35,cloud,rose,raccoon,skunk,Q2,0.759335,0.777778,random,0.3456,0.3298,0.36,1.1995
36,crab,maple_tree,cup,pear,Q2,0.721649,0.8,centroid,0.8687,0.8518,0.8862,0.283
36,crab,maple_tree,cup,pear,Q2,0.721649,0.8,exemplar_knn_k3,0.8711,0.8576,0.8853,1.0598
36,crab,maple_tree,cup,pear,Q2,0.721649,0.8,logreg,0.8449,0.8262,0.8653,0.573
36,crab,maple_tree,cup,pear,Q2,0.721649,0.8,random,0.3376,0.3233,0.352,1.2052
37,crab,pickup_truck,pine_tree,whale,Q2,0.745085,0.652174,centroid,0.8369,0.8267,0.8478,0.3017
37,crab,pickup_truck,pine_tree,whale,Q2,0.745085,0.652174,exemplar_knn_k3,0.8282,0.8209,0.836,1.1759
37,crab,pickup_truck,pine_tree,whale,Q2,0.745085,0.652174,logreg,0.8467,0.8324,0.8627,0.617
37,crab,pickup_truck,pine_tree,whale,Q2,0.745085,0.652174,random,0.3213,0.3078,0.3344,1.2094
38,crocodile,cup,beaver,porcupine,Q2,0.747225,0.619048,centroid,0.7133,0.6953,0.7291,0.1198
38,crocodile,cup,beaver,porcupine,Q2,0.747225,0.619048,exemplar_knn_k3,0.6704,0.6513,0.6896,0.658
38,crocodile,cup,beaver,porcupine,Q2,0.747225,0.619048,logreg,0.7189,0.7002,0.7358,0.2741
38,crocodile,cup,beaver,porcupine,Q2,0.747225,0.619048,random,0.3316,0.3156,0.3471,1.2136
39,cup,wolf,snail,couch,Q2,0.806575,0.636364,centroid,0.8276,0.8209,0.8344,0.3054
39,cup,wolf,snail,couch,Q2,0.806575,0.636364,exemplar_knn_k3,0.8287,0.8204,0.8376,1.0822
39,cup,wolf,snail,couch,Q2,0.806575,0.636364,logreg,0.8313,0.8196,0.8449,0.613
39,cup,wolf,snail,couch,Q2,0.806575,0.636364,random,0.3429,0.3309,0.3553,1.2298
40,forest,telephone,boy,otter,Q2,0.835355,0.866667,centroid,0.8058,0.796,0.8151,0.2025
40,forest,telephone,boy,otter,Q2,0.835355,0.866667,exemplar_knn_k3,0.7898,0.7767,0.8022,0.8701
40,forest,telephone,boy,otter,Q2,0.835355,0.866667,logreg,0.8027,0.7929,0.8131,0.4352
40,forest,telephone,boy,otter,Q2,0.835355,0.866667,random,0.324,0.3124,0.3356,1.235
41,lion,turtle,beetle,squirrel,Q2,0.716742,0.68,centroid,0.7838,0.7738,0.7936,0.2089
41,lion,turtle,beetle,squirrel,Q2,0.716742,0.68,exemplar_knn_k3,0.7758,0.7638,0.7864,0.8948
41,lion,turtle,beetle,squirrel,Q2,0.716742,0.68,logreg,0.7764,0.7689,0.784,0.4584
41,lion,turtle,beetle,squirrel,Q2,0.716742,0.68,random,0.334,0.3191,0.348,1.2416
42,mouse,palm_tree,keyboard,lion,Q2,0.774515,0.8,centroid,0.8484,0.8387,0.8589,0.3275
42,mouse,palm_tree,keyboard,lion,Q2,0.774515,0.8,exemplar_knn_k3,0.8518,0.8413,0.8633,1.1878
42,mouse,palm_tree,keyboard,lion,Q2,0.774515,0.8,logreg,0.8589,0.8438,0.8749,0.6675
42,mouse,palm_tree,keyboard,lion,Q2,0.774515,0.8,random,0.3296,0.3153,0.3451,1.2342
43,mouse,streetcar,possum,oak_tree,Q2,0.745843,0.652174,centroid,0.7576,0.7413,0.774,0.2864
43,mouse,streetcar,possum,oak_tree,Q2,0.745843,0.652174,exemplar_knn_k3,0.744,0.7244,0.7633,1.2635
43,mouse,streetcar,possum,oak_tree,Q2,0.745843,0.652174,logreg,0.7707,0.7558,0.7853,0.6098
43,mouse,streetcar,possum,oak_tree,Q2,0.745843,0.652174,random,0.3287,0.312,0.3451,1.2115
44,oak_tree,orange,raccoon,plain,Q2,0.821873,0.647059,centroid,0.8276,0.8122,0.8429,0.2741
44,oak_tree,orange,raccoon,plain,Q2,0.821873,0.647059,exemplar_knn_k3,0.8191,0.8029,0.8356,1.2027
44,oak_tree,orange,raccoon,plain,Q2,0.821873,0.647059,logreg,0.7991,0.7911,0.806,0.6306
44,oak_tree,orange,raccoon,plain,Q2,0.821873,0.647059,random,0.3524,0.3358,0.3684,1.2121
45,orange,porcupine,dinosaur,lawn_mower,Q2,0.885331,0.68,centroid,0.8322,0.8249,0.8404,0.3413
45,orange,porcupine,dinosaur,lawn_mower,Q2,0.885331,0.68,exemplar_knn_k3,0.8311,0.8213,0.8427,1.1864
45,orange,porcupine,dinosaur,lawn_mower,Q2,0.885331,0.68,logreg,0.8429,0.8289,0.8591,0.6743
45,orange,porcupine,dinosaur,lawn_mower,Q2,0.885331,0.68,random,0.3431,0.33,0.3571,1.2354
46,orchid,sea,fox,pine_tree,Q2,0.861732,0.764706,centroid,0.8211,0.8144,0.8284,0.3217
46,orchid,sea,fox,pine_tree,Q2,0.861732,0.764706,exemplar_knn_k3,0.8113,0.8056,0.8169,1.247
46,orchid,sea,fox,pine_tree,Q2,0.861732,0.764706,logreg,0.8196,0.8111,0.8298,0.6645
46,orchid,sea,fox,pine_tree,Q2,0.861732,0.764706,random,0.3409,0.3276,0.3538,1.2229
47,ray,sweet_pepper,tulip,forest,Q2,0.764475,0.888889,centroid,0.8402,0.8318,0.8489,0.3037
47,ray,sweet_pepper,tulip,forest,Q2,0.764475,0.888889,exemplar_knn_k3,0.8413,0.832,0.8513,1.0951
47,ray,sweet_pepper,tulip,forest,Q2,0.764475,0.888889,logreg,0.824,0.8164,0.8322,0.6207
47,ray,sweet_pepper,tulip,forest,Q2,0.764475,0.888889,random,0.3427,0.3298,0.3562,1.2267
48,rose,sea,worm,house,Q2,0.79536,0.75,centroid,0.8229,0.8178,0.8289,0.3137
48,rose,sea,worm,house,Q2,0.79536,0.75,exemplar_knn_k3,0.8216,0.8153,0.8284,1.1515
48,rose,sea,worm,house,Q2,0.79536,0.75,logreg,0.8204,0.8158,0.8251,0.6438
48,rose,sea,worm,house,Q2,0.79536,0.75,random,0.338,0.3242,0.3513,1.193
49,squirrel,telephone,seal,lizard,Q2,0.764119,0.636364,centroid,0.7447,0.7313,0.7573,0.1599
49,squirrel,telephone,seal,lizard,Q2,0.764119,0.636364,exemplar_knn_k3,0.7264,0.7091,0.7427,0.7085
49,squirrel,telephone,seal,lizard,Q2,0.764119,0.636364,logreg,0.7431,0.7304,0.7553,0.3482
49,squirrel,telephone,seal,lizard,Q2,0.764119,0.636364,random,0.3404,0.3296,0.3529,1.2429
50,apple,cup,crocodile,keyboard,Q3,0.716807,0.578947,centroid,0.9262,0.9138,0.9387,0.323
50,apple,cup,crocodile,keyboard,Q3,0.716807,0.578947,exemplar_knn_k3,0.9358,0.9238,0.9471,1.0925
50,apple,cup,crocodile,keyboard,Q3,0.716807,0.578947,logreg,0.8896,0.8702,0.9098,0.6432
50,apple,cup,crocodile,keyboard,Q3,0.716807,0.578947,random,0.3371,0.3262,0.348,1.2075
51,aquarium_fish,elephant,cup,willow_tree,Q3,0.792498,0.25,centroid,0.8367,0.8264,0.8487,0.33
51,aquarium_fish,elephant,cup,willow_tree,Q3,0.792498,0.25,exemplar_knn_k3,0.84,0.8291,0.8524,1.2502
51,aquarium_fish,elephant,cup,willow_tree,Q3,0.792498,0.25,logreg,0.83,0.8198,0.8422,0.6814
51,aquarium_fish,elephant,cup,willow_tree,Q3,0.792498,0.25,random,0.3427,0.3313,0.3542,1.2181
52,bed,man,tiger,leopard,Q3,0.748537,0.578947,centroid,0.7589,0.7396,0.7767,0.1376
52,bed,man,tiger,leopard,Q3,0.748537,0.578947,exemplar_knn_k3,0.7309,0.7151,0.7456,0.8243
52,bed,man,tiger,leopard,Q3,0.748537,0.578947,logreg,0.8193,0.7938,0.8427,0.3378
52,bed,man,tiger,leopard,Q3,0.748537,0.578947,random,0.3313,0.3176,0.3456,1.2014
53,bee,elephant,tiger,oak_tree,Q3,0.727096,0.44,centroid,0.8182,0.8149,0.8218,0.3418
53,bee,elephant,tiger,oak_tree,Q3,0.727096,0.44,exemplar_knn_k3,0.8167,0.8111,0.822,1.3676
53,bee,elephant,tiger,oak_tree,Q3,0.727096,0.44,logreg,0.8502,0.84,0.8607,0.6872
53,bee,elephant,tiger,oak_tree,Q3,0.727096,0.44,random,0.3331,0.3189,0.3471,1.2003
54,bee,skyscraper,flatfish,lawn_mower,Q3,0.76619,0.6,centroid,0.8358,0.8267,0.846,0.2812
54,bee,skyscraper,flatfish,lawn_mower,Q3,0.76619,0.6,exemplar_knn_k3,0.824,0.8151,0.834,0.9806
54,bee,skyscraper,flatfish,lawn_mower,Q3,0.76619,0.6,logreg,0.8469,0.8315,0.8633,0.5442
54,bee,skyscraper,flatfish,lawn_mower,Q3,0.76619,0.6,random,0.3211,0.3084,0.334,1.2416
55,bottle,keyboard,tiger,snail,Q3,0.821888,0.333333,centroid,0.8662,0.8511,0.882,0.3011
55,bottle,keyboard,tiger,snail,Q3,0.821888,0.333333,exemplar_knn_k3,0.866,0.8529,0.8789,1.1251
55,bottle,keyboard,tiger,snail,Q3,0.821888,0.333333,logreg,0.8802,0.8582,0.9024,0.6216
55,bottle,keyboard,tiger,snail,Q3,0.821888,0.333333,random,0.3278,0.3144,0.3407,1.2121
56,boy,poppy,tank,porcupine,Q3,0.81003,0.428571,centroid,0.8296,0.8213,0.8382,0.2599
56,boy,poppy,tank,porcupine,Q3,0.81003,0.428571,exemplar_knn_k3,0.8191,0.8098,0.8284,1.015
56,boy,poppy,tank,porcupine,Q3,0.81003,0.428571,logreg,0.846,0.8331,0.8607,0.5385
56,boy,poppy,tank,porcupine,Q3,0.81003,0.428571,random,0.3378,0.3222,0.3542,1.2179
57,bridge,snake,cattle,cup,Q3,0.790226,0.578947,centroid,0.8569,0.8462,0.8678,0.2952
57,bridge,snake,cattle,cup,Q3,0.790226,0.578947,exemplar_knn_k3,0.8493,0.8382,0.8609,1.0532
57,bridge,snake,cattle,cup,Q3,0.790226,0.578947,logreg,0.8691,0.8513,0.8871,0.5913
57,bridge,snake,cattle,cup,Q3,0.790226,0.578947,random,0.3458,0.3342,0.3569,1.2284
58,chimpanzee,spider,otter,mouse,Q3,0.733792,0.481481,centroid,0.7347,0.7242,0.7444,0.1609
58,chimpanzee,spider,otter,mouse,Q3,0.733792,0.481481,exemplar_knn_k3,0.7131,0.6996,0.7258,0.7659
58,chimpanzee,spider,otter,mouse,Q3,0.733792,0.481481,logreg,0.7318,0.7236,0.7398,0.3592
58,chimpanzee,spider,otter,mouse,Q3,0.733792,0.481481,random,0.3316,0.3196,0.3442,1.2359
59,clock,tractor,pickup_truck,butterfly,Q3,0.800138,0.428571,centroid,0.826,0.8149,0.8389,0.2726
59,clock,tractor,pickup_truck,butterfly,Q3,0.800138,0.428571,exemplar_knn_k3,0.8316,0.816,0.8484,1.0136
59,clock,tractor,pickup_truck,butterfly,Q3,0.800138,0.428571,logreg,0.8169,0.8104,0.8244,0.5699
59,clock,tractor,pickup_truck,butterfly,Q3,0.800138,0.428571,random,0.3267,0.3153,0.338,1.2295
60,cockroach,fox,cup,bottle,Q3,0.784664,0.461538,centroid,0.8556,0.8427,0.8696,0.2875
60,cockroach,fox,cup,bottle,Q3,0.784664,0.461538,exemplar_knn_k3,0.8607,0.8484,0.8738,1.111
60,cockroach,fox,cup,bottle,Q3,0.784664,0.461538,logreg,0.8429,0.8271,0.8596,0.5944
60,cockroach,fox,cup,bottle,Q3,0.784664,0.461538,random,0.3427,0.3287,0.3564,1.2355
61,couch,tiger,lizard,crab,Q3,0.757521,0.555556,centroid,0.7989,0.786,0.8127,0.1992
61,couch,tiger,lizard,crab,Q3,0.757521,0.555556,exemplar_knn_k3,0.7849,0.7678,0.8011,0.8539
61,couch,tiger,lizard,crab,Q3,0.757521,0.555556,logreg,0.7838,0.7718,0.7964,0.423
61,couch,tiger,lizard,crab,Q3,0.757521,0.555556,random,0.3451,0.3367,0.3533,1.2522
62,cup,whale,pickup_truck,telephone,Q3,0.785329,0.529412,centroid,0.8491,0.8384,0.86,0.3344
62,cup,whale,pickup_truck,telephone,Q3,0.785329,0.529412,exemplar_knn_k3,0.8527,0.8433,0.8624,1.1375
62,cup,whale,pickup_truck,telephone,Q3,0.785329,0.529412,logreg,0.8527,0.8369,0.8696,0.6643
62,cup,whale,pickup_truck,telephone,Q3,0.785329,0.529412,random,0.3298,0.3196,0.34,1.2293
63,dolphin,man,caterpillar,sweet_pepper,Q3,0.758323,0.52,centroid,0.862,0.8491,0.8756,0.2927
63,dolphin,man,caterpillar,sweet_pepper,Q3,0.758323,0.52,exemplar_knn_k3,0.8571,0.8462,0.8682,0.9775
63,dolphin,man,caterpillar,sweet_pepper,Q3,0.758323,0.52,logreg,0.8387,0.8269,0.8509,0.5744
63,dolphin,man,caterpillar,sweet_pepper,Q3,0.758323,0.52,random,0.3358,0.326,0.3453,1.2244
64,house,keyboard,boy,aquarium_fish,Q3,0.755149,0.411765,centroid,0.8751,0.8584,0.8918,0.3112
64,house,keyboard,boy,aquarium_fish,Q3,0.755149,0.411765,exemplar_knn_k3,0.8771,0.862,0.8924,1.1429
64,house,keyboard,boy,aquarium_fish,Q3,0.755149,0.411765,logreg,0.8591,0.8413,0.8773,0.6332
64,house,keyboard,boy,aquarium_fish,Q3,0.755149,0.411765,random,0.3318,0.3213,0.3418,1.2597
65,keyboard,skunk,train,seal,Q3,0.879711,0.578947,centroid,0.7991,0.7924,0.8056,0.2465
65,keyboard,skunk,train,seal,Q3,0.879711,0.578947,exemplar_knn_k3,0.7949,0.7871,0.802,0.9692
65,keyboard,skunk,train,seal,Q3,0.879711,0.578947,logreg,0.7978,0.7922,0.8029,0.5217
65,keyboard,skunk,train,seal,Q3,0.879711,0.578947,random,0.318,0.3047,0.3311,1.1823
66,keyboard,snail,plate,orange,Q3,0.835303,0.6,centroid,0.8413,0.8298,0.8536,0.3041
66,keyboard,snail,plate,orange,Q3,0.835303,0.6,exemplar_knn_k3,0.8382,0.828,0.8489,1.1528
66,keyboard,snail,plate,orange,Q3,0.835303,0.6,logreg,0.8596,0.8418,0.8787,0.6215
66,keyboard,snail,plate,orange,Q3,0.835303,0.6,random,0.3324,0.3156,0.3489,1.195
67,keyboard,worm,apple,woman,Q3,0.814776,0.555556,centroid,0.8402,0.8333,0.8478,0.3299
67,keyboard,worm,apple,woman,Q3,0.814776,0.555556,exemplar_knn_k3,0.8469,0.8387,0.8558,1.1884
67,keyboard,worm,apple,woman,Q3,0.814776,0.555556,logreg,0.8504,0.8376,0.8651,0.6623
67,keyboard,worm,apple,woman,Q3,0.814776,0.555556,random,0.3384,0.3256,0.3518,1.2016
68,lion,shark,dolphin,crab,Q3,0.777423,0.37931,centroid,0.7673,0.748,0.7849,0.275
68,lion,shark,dolphin,crab,Q3,0.777423,0.37931,exemplar_knn_k3,0.7651,0.7453,0.7829,1.0955
68,lion,shark,dolphin,crab,Q3,0.777423,0.37931,logreg,0.7658,0.746,0.7836,0.5908
68,lion,shark,dolphin,crab,Q3,0.777423,0.37931,random,0.3324,0.3178,0.3469,1.2289
69,orchid,pine_tree,tiger,whale,Q3,0.828322,0.36,centroid,0.8496,0.8367,0.8633,0.339
69,orchid,pine_tree,tiger,whale,Q3,0.828322,0.36,exemplar_knn_k3,0.8453,0.8336,0.8584,1.1423
69,orchid,pine_tree,tiger,whale,Q3,0.828322,0.36,logreg,0.85,0.8362,0.8649,0.6746
69,orchid,pine_tree,tiger,whale,Q3,0.828322,0.36,random,0.3238,0.31,0.3384,1.1939
70,orchid,seal,keyboard,leopard,Q3,0.767675,0.538462,centroid,0.8649,0.8476,0.8833,0.3118
70,orchid,seal,keyboard,leopard,Q3,0.767675,0.538462,exemplar_knn_k3,0.8627,0.8469,0.8793,1.0372
70,orchid,seal,keyboard,leopard,Q3,0.767675,0.538462,logreg,0.8698,0.8502,0.8902,0.6041
70,orchid,seal,keyboard,leopard,Q3,0.767675,0.538462,random,0.3416,0.3322,0.3513,1.2277
71,orchid,shark,lobster,crab,Q3,0.803978,0.538462,centroid,0.6431,0.6269,0.6584,0.1285
71,orchid,shark,lobster,crab,Q3,0.803978,0.538462,exemplar_knn_k3,0.618,0.6058,0.6307,0.6646
71,orchid,shark,lobster,crab,Q3,0.803978,0.538462,logreg,0.6573,0.6376,0.6773,0.2906
71,orchid,shark,lobster,crab,Q3,0.803978,0.538462,random,0.342,0.3269,0.3573,1.2309
72,orchid,whale,table,telephone,Q3,0.836087,0.428571,centroid,0.8433,0.8316,0.8562,0.2997
72,orchid,whale,table,telephone,Q3,0.836087,0.428571,exemplar_knn_k3,0.84,0.8276,0.8529,1.008
72,orchid,whale,table,telephone,Q3,0.836087,0.428571,logreg,0.83,0.8178,0.8438,0.5899
72,orchid,whale,table,telephone,Q3,0.836087,0.428571,random,0.3358,0.3224,0.3491,1.223
73,pear,road,man,couch,Q3,0.790498,0.555556,centroid,0.8242,0.8158,0.8333,0.2651
73,pear,road,man,couch,Q3,0.790498,0.555556,exemplar_knn_k3,0.8231,0.8111,0.8349,0.9771
73,pear,road,man,couch,Q3,0.790498,0.555556,logreg,0.8118,0.8029,0.8231,0.5435
73,pear,road,man,couch,Q3,0.790498,0.555556,random,0.342,0.3309,0.3536,1.245
74,plate,road,lizard,turtle,Q3,0.824232,0.411765,centroid,0.7876,0.7771,0.7991,0.2202
74,plate,road,lizard,turtle,Q3,0.824232,0.411765,exemplar_knn_k3,0.7829,0.7707,0.7951,0.8821
74,plate,road,lizard,turtle,Q3,0.824232,0.411765,logreg,0.7807,0.7676,0.7949,0.4643
74,plate,road,lizard,turtle,Q3,0.824232,0.411765,random,0.3422,0.328,0.3564,1.2429
75,baby,television,lion,chair,Q4,0.671261,0.619048,centroid,0.9029,0.8902,0.916,0.372
75,baby,television,lion,chair,Q4,0.671261,0.619048,exemplar_knn_k3,0.888,0.8751,0.9013,1.2848
75,baby,television,lion,chair,Q4,0.671261,0.619048,logreg,0.9278,0.9142,0.9411,0.7335
75,baby,television,lion,chair,Q4,0.671261,0.619048,random,0.3316,0.3211,0.3411,1.242
76,beaver,cloud,bus,elephant,Q4,0.62022,0.764706,centroid,0.8544,0.8407,0.8689,0.2571
76,beaver,cloud,bus,elephant,Q4,0.62022,0.764706,exemplar_knn_k3,0.842,0.8293,0.8551,1.1156
76,beaver,cloud,bus,elephant,Q4,0.62022,0.764706,logreg,0.8604,0.8451,0.8767,0.5571
76,beaver,cloud,bus,elephant,Q4,0.62022,0.764706,random,0.3367,0.324,0.3493,1.2065
77,beaver,snail,chimpanzee,television,Q4,0.474777,0.809524,centroid,0.94,0.9278,0.9518,0.2783
77,beaver,snail,chimpanzee,television,Q4,0.474777,0.809524,exemplar_knn_k3,0.9236,0.9113,0.9353,1.1015
77,beaver,snail,chimpanzee,television,Q4,0.474777,0.809524,logreg,0.94,0.928,0.9509,0.5887
77,beaver,snail,chimpanzee,television,Q4,0.474777,0.809524,random,0.3316,0.32,0.3442,1.188
78,bee,flatfish,dinosaur,train,Q4,0.619765,0.8,centroid,0.8353,0.8247,0.8462,0.2579
78,bee,flatfish,dinosaur,train,Q4,0.619765,0.8,exemplar_knn_k3,0.8249,0.8156,0.8347,0.9999
78,bee,flatfish,dinosaur,train,Q4,0.619765,0.8,logreg,0.8693,0.8524,0.8873,0.513
78,bee,flatfish,dinosaur,train,Q4,0.619765,0.8,random,0.328,0.3142,0.3422,1.2166
79,beetle,motorcycle,raccoon,crab,Q4,0.692655,0.636364,centroid,0.8151,0.7996,0.8309,0.2236
79,beetle,motorcycle,raccoon,crab,Q4,0.692655,0.636364,exemplar_knn_k3,0.7976,0.7833,0.812,0.9337
79,beetle,motorcycle,raccoon,crab,Q4,0.692655,0.636364,logreg,0.8182,0.8009,0.8364,0.4741
79,beetle,motorcycle,raccoon,crab,Q4,0.692655,0.636364,random,0.3369,0.326,0.3473,1.2357
80,bowl,porcupine,mountain,beetle,Q4,0.61536,0.636364,centroid,0.8878,0.8749,0.9009,0.2834
80,bowl,porcupine,mountain,beetle,Q4,0.61536,0.636364,exemplar_knn_k3,0.8758,0.8627,0.8891,1.0456
80,bowl,porcupine,mountain,beetle,Q4,0.61536,0.636364,logreg,0.896,0.88,0.9113,0.5625
80,bowl,porcupine,mountain,beetle,Q4,0.61536,0.636364,random,0.3336,0.3182,0.3491,1.2259
81,butterfly,palm_tree,worm,bear,Q4,0.668812,0.789474,centroid,0.8824,0.866,0.898,0.2902
81,butterfly,palm_tree,worm,bear,Q4,0.668812,0.789474,exemplar_knn_k3,0.8691,0.8542,0.8833,1.036
81,butterfly,palm_tree,worm,bear,Q4,0.668812,0.789474,logreg,0.872,0.8533,0.8909,0.5856
81,butterfly,palm_tree,worm,bear,Q4,0.668812,0.789474,random,0.3249,0.3102,0.3391,1.2418
82,castle,mountain,can,bicycle,Q4,0.537413,0.625,centroid,0.9773,0.9689,0.9849,0.3493
82,castle,mountain,can,bicycle,Q4,0.537413,0.625,exemplar_knn_k3,0.9707,0.9613,0.9791,1.2515
82,castle,mountain,can,bicycle,Q4,0.537413,0.625,logreg,0.9593,0.9427,0.9744,0.6941
82,castle,mountain,can,bicycle,Q4,0.537413,0.625,random,0.3347,0.32,0.3482,1.2265
83,castle,squirrel,table,sweet_pepper,Q4,0.603679,0.652174,centroid,0.9547,0.9429,0.9645,0.3124
83,castle,squirrel,table,sweet_pepper,Q4,0.603679,0.652174,exemplar_knn_k3,0.9436,0.9333,0.9529,1.0587
83,castle,squirrel,table,sweet_pepper,Q4,0.603679,0.652174,logreg,0.9198,0.9011,0.9373,0.6093
83,castle,squirrel,table,sweet_pepper,Q4,0.603679,0.652174,random,0.3389,0.3244,0.3531,1.2255
84,chair,dinosaur,lion,telephone,Q4,0.693337,0.652174,centroid,0.8767,0.8644,0.89,0.3321
84,chair,dinosaur,lion,telephone,Q4,0.693337,0.652174,exemplar_knn_k3,0.8729,0.8611,0.8853,1.2451
84,chair,dinosaur,lion,telephone,Q4,0.693337,0.652174,logreg,0.862,0.8478,0.8778,0.6795
84,chair,dinosaur,lion,telephone,Q4,0.693337,0.652174,random,0.3336,0.3209,0.3467,1.2199
85,clock,lizard,tiger,train,Q4,0.70125,0.666667,centroid,0.8596,0.846,0.874,0.3089
85,clock,lizard,tiger,train,Q4,0.70125,0.666667,exemplar_knn_k3,0.8447,0.8331,0.8567,1.1171
85,clock,lizard,tiger,train,Q4,0.70125,0.666667,logreg,0.882,0.8616,0.9027,0.6254
85,clock,lizard,tiger,train,Q4,0.70125,0.666667,random,0.3142,0.2998,0.3284,1.2066
86,crab,train,trout,keyboard,Q4,0.683321,0.619048,centroid,0.8633,0.852,0.8756,0.2995
86,crab,train,trout,keyboard,Q4,0.683321,0.619048,exemplar_knn_k3,0.8598,0.8487,0.8709,1.076
86,crab,train,trout,keyboard,Q4,0.683321,0.619048,logreg,0.8524,0.838,0.8671,0.6041
86,crab,train,trout,keyboard,Q4,0.683321,0.619048,random,0.3333,0.3224,0.3436,1.2517
87,crocodile,flatfish,beaver,tank,Q4,0.389993,0.809524,centroid,0.802,0.7909,0.814,0.1865
87,crocodile,flatfish,beaver,tank,Q4,0.389993,0.809524,exemplar_knn_k3,0.7729,0.7602,0.7853,0.8915
87,crocodile,flatfish,beaver,tank,Q4,0.389993,0.809524,logreg,0.8038,0.7907,0.8167,0.4049
87,crocodile,flatfish,beaver,tank,Q4,0.389993,0.809524,random,0.3342,0.3207,0.348,1.2152
88,crocodile,palm_tree,apple,bowl,Q4,0.633182,0.8,centroid,0.9213,0.9067,0.936,0.2649
88,crocodile,palm_tree,apple,bowl,Q4,0.633182,0.8,exemplar_knn_k3,0.9089,0.8956,0.9213,1.0584
88,crocodile,palm_tree,apple,bowl,Q4,0.633182,0.8,logreg,0.9129,0.8904,0.934,0.5505
88,crocodile,palm_tree,apple,bowl,Q4,0.633182,0.8,random,0.3416,0.3269,0.3558,1.1969
89,crocodile,trout,fox,train,Q4,0.489642,0.8,centroid,0.9347,0.9216,0.9464,0.2978
89,crocodile,trout,fox,train,Q4,0.489642,0.8,exemplar_knn_k3,0.9218,0.9076,0.9351,1.1274
89,crocodile,trout,fox,train,Q4,0.489642,0.8,logreg,0.9333,0.9182,0.9471,0.6125
89,crocodile,trout,fox,train,Q4,0.489642,0.8,random,0.3373,0.3233,0.3509,1.2002
90,flatfish,poppy,mountain,lobster,Q4,0.70141,0.8,centroid,0.8444,0.8291,0.8611,0.2686
90,flatfish,poppy,mountain,lobster,Q4,0.70141,0.8,exemplar_knn_k3,0.8238,0.8142,0.8338,1.0167
90,flatfish,poppy,mountain,lobster,Q4,0.70141,0.8,logreg,0.8456,0.8267,0.8649,0.5537
90,flatfish,poppy,mountain,lobster,Q4,0.70141,0.8,random,0.3398,0.3224,0.358,1.2014
91,forest,skunk,aquarium_fish,bowl,Q4,0.552535,0.846154,centroid,0.9344,0.9218,0.9462,0.2849
91,forest,skunk,aquarium_fish,bowl,Q4,0.552535,0.846154,exemplar_knn_k3,0.9282,0.9176,0.9384,1.0674
91,forest,skunk,aquarium_fish,bowl,Q4,0.552535,0.846154,logreg,0.9062,0.8876,0.9242,0.5839
91,forest,skunk,aquarium_fish,bowl,Q4,0.552535,0.846154,random,0.334,0.3204,0.3478,1.1886
92,leopard,turtle,skunk,woman,Q4,0.617302,0.8,centroid,0.8762,0.8624,0.8907,0.2784
92,leopard,turtle,skunk,woman,Q4,0.617302,0.8,exemplar_knn_k3,0.8611,0.8491,0.8736,1.0815
92,leopard,turtle,skunk,woman,Q4,0.617302,0.8,logreg,0.8862,0.8702,0.9022,0.5696
92,leopard,turtle,skunk,woman,Q4,0.617302,0.8,random,0.3316,0.318,0.3444,1.2038
93,lion,raccoon,pickup_truck,boy,Q4,0.504489,0.84,centroid,0.9564,0.9449,0.9669,0.2832
93,lion,raccoon,pickup_truck,boy,Q4,0.504489,0.84,exemplar_knn_k3,0.9622,0.9524,0.9713,1.0916
93,lion,raccoon,pickup_truck,boy,Q4,0.504489,0.84,logreg,0.9416,0.9249,0.9564,0.5779
93,lion,raccoon,pickup_truck,boy,Q4,0.504489,0.84,random,0.3311,0.3147,0.3467,1.2441
94,mushroom,ray,seal,whale,Q4,0.691125,0.888889,centroid,0.7847,0.7711,0.7993,0.1784
94,mushroom,ray,seal,whale,Q4,0.691125,0.888889,exemplar_knn_k3,0.7718,0.7576,0.7864,0.8152
94,mushroom,ray,seal,whale,Q4,0.691125,0.888889,logreg,0.7827,0.7651,0.8,0.3879
94,mushroom,ray,seal,whale,Q4,0.691125,0.888889,random,0.3264,0.3158,0.3367,1.213
95,otter,rocket,dinosaur,couch,Q4,0.611723,0.789474,centroid,0.8873,0.8711,0.9027,0.2597
95,otter,rocket,dinosaur,couch,Q4,0.611723,0.789474,exemplar_knn_k3,0.8733,0.8591,0.8876,1.0234
95,otter,rocket,dinosaur,couch,Q4,0.611723,0.789474,logreg,0.8867,0.8687,0.9042,0.5358
95,otter,rocket,dinosaur,couch,Q4,0.611723,0.789474,random,0.3553,0.3422,0.3689,1.2312
96,otter,skunk,shrew,camel,Q4,0.382485,0.764706,centroid,0.8202,0.8069,0.8333,0.1793
96,otter,skunk,shrew,camel,Q4,0.382485,0.764706,exemplar_knn_k3,0.8069,0.7922,0.822,0.8962
96,otter,skunk,shrew,camel,Q4,0.382485,0.764706,logreg,0.8131,0.8016,0.8251,0.4057
96,otter,skunk,shrew,camel,Q4,0.382485,0.764706,random,0.3316,0.3178,0.346,1.2351
97,palm_tree,woman,mountain,television,Q4,0.65551,0.692308,centroid,0.8538,0.8418,0.8669,0.2852
97,palm_tree,woman,mountain,television,Q4,0.65551,0.692308,exemplar_knn_k3,0.852,0.8373,0.8673,1.1761
97,palm_tree,woman,mountain,television,Q4,0.65551,0.692308,logreg,0.8398,0.8324,0.8473,0.6232
97,palm_tree,woman,mountain,television,Q4,0.65551,0.692308,random,0.3358,0.3202,0.3516,1.2066
98,rabbit,sea,cockroach,bridge,Q4,0.697814,0.789474,centroid,0.8209,0.8131,0.83,0.3049
98,rabbit,sea,cockroach,bridge,Q4,0.697814,0.789474,exemplar_knn_k3,0.8173,0.8089,0.826,1.1356
98,rabbit,sea,cockroach,bridge,Q4,0.697814,0.789474,logreg,0.8171,0.8084,0.8273,0.6167
98,rabbit,sea,cockroach,bridge,Q4,0.697814,0.789474,random,0.3482,0.3349,0.3607,1.2262
99,table,tractor,boy,cattle,Q4,0.70997,0.875,centroid,0.8404,0.8302,0.8507,0.2516
99,table,tractor,boy,cattle,Q4,0.70997,0.875,exemplar_knn_k3,0.8436,0.8298,0.8576,0.9636
99,table,tractor,boy,cattle,Q4,0.70997,0.875,logreg,0.8356,0.8247,0.8476,0.5195
99,table,tractor,boy,cattle,Q4,0.70997,0.875,random,0.3264,0.3153,0.338,1.2304
